GeoFIPS,GeoName,Region,TableName,LineCode,IndustryClassification,Description,Unit,2001,2002,2003,2004,2005,2006,2007,2008,2009,2010,2011,2012,2013,2014,2015,2016,2017,2018,2019,2020,2021
 "11000","District of Columbia",2,CAINC6N,1,"...","Compensation of employees (thousands of dollars) 1/","Thousands of dollars",46409614,49222496,51856798,55539931,58946058,61468717,64688947,67813101,69101530,72888763,75912272,77016067,78293689,81734625,84946209,88255272,91567950,96390595,98959813,100908371,105684363
 "11000","District of Columbia",2,CAINC6N,5,"..."," Wages and salaries ","Thousands of dollars",37606349,39513974,41349450,44273694,46640747,49272216,52013827,54374562,55104578,57869208,59787184,61162084,62193842,64688078,67679818,70061013,72987885,76568814,78676806,80113959,83944074
 "11000","District of Columbia",2,CAINC6N,6,"..."," Supplements to wages and salaries ","Thousands of dollars",8803265,9708522,10507348,11266237,12305311,12196501,12675120,13438539,13996952,15019555,16125088,15853983,16099847,17046547,17266391,18194259,18580065,19821781,20283007,20794412,21740289
 "11000","District of Columbia",2,CAINC6N,7,"...","  Employer contributions for employee pension and insurance funds 2/","Thousands of dollars",6224778,6965263,7662465,8224700,9105523,8831718,9142120,9632189,10049209,10859370,11791099,11390661,11532016,12273986,12298200,13099837,13319817,14318854,14662117,15092795,15931105
 "11000","District of Columbia",2,CAINC6N,8,"...","  Employer contributions for government social insurance ","Thousands of dollars",2578487,2743259,2844883,3041537,3199788,3364783,3533000,3806350,3947743,4160185,4333989,4463322,4567831,4772561,4968191,5094422,5260248,5502927,5620890,5701617,5809184
 "11000","District of Columbia",2,CAINC6N,9,"...","Average compensation per job (dollars) 3/","Dollars",67360,69965,74132,78800,83212,86174,90057,93938,96014,99658,102193,102791,103203,106522,109472,111773,115276,120216,122803,133876,140073
 "11000","District of Columbia",2,CAINC6N,81,"111-112"," Farm compensation ","Thousands of dollars",0,0,0,0,0,0,0,0,0,0,0,0,0,0,0,0,0,0,0,0,0
 "11000","District of Columbia",2,CAINC6N,82,"..."," Nonfarm compensation ","Thousands of dollars",46409614,49222496,51856798,55539931,58946058,61468717,64688947,67813101,69101530,72888763,75912272,77016067,78293689,81734625,84946209,88255272,91567950,96390595,98959813,100908371,105684363
 "11000","District of Columbia",2,CAINC6N,90,"113-814","  Private nonfarm compensation ","Thousands of dollars",27179850,28091144,29335261,31483428,33169979,35194178,37689252,39249651,38530860,39807073,42063963,43458951,44773006,47306276,49727351,51399973,53750071,56793711,59158859,59470532,62686193
 "11000","District of Columbia",2,CAINC6N,100,"113-115","   Forestry, fishing, and related activities ","Thousands of dollars",(D),(D),0,0,0,0,0,0,0,0,0,0,0,15,0,0,0,0,0,0,(D)
 "11000","District of Columbia",2,CAINC6N,101,"113","    Forestry and logging ","Thousands of dollars",(D),(D),0,0,0,0,0,0,0,0,0,0,0,0,0,0,0,0,0,0,0
 "11000","District of Columbia",2,CAINC6N,102,"114","    Fishing, hunting and trapping ","Thousands of dollars",0,0,0,0,0,0,0,0,0,0,0,0,0,0,0,0,0,0,0,0,0
 "11000","District of Columbia",2,CAINC6N,103,"115","    Support activities for agriculture and forestry ","Thousands of dollars",0,0,0,0,0,0,0,0,0,0,0,0,0,15,0,0,0,0,0,0,(D)
 "11000","District of Columbia",2,CAINC6N,200,"21","   Mining, quarrying, and oil and gas extraction ","Thousands of dollars",(D),(D),8252,4588,(D),0,0,0,0,0,0,0,0,0,0,0,0,0,0,0,0
 "11000","District of Columbia",2,CAINC6N,201,"211","    Oil and gas extraction ","Thousands of dollars",8957,8423,(D),(D),(D),0,0,0,0,0,0,0,0,0,0,0,0,0,0,0,0
 "11000","District of Columbia",2,CAINC6N,202,"212","    Mining (except oil and gas) ","Thousands of dollars",1465,(D),0,0,0,0,0,0,0,0,0,0,0,0,0,0,0,0,0,0,0
 "11000","District of Columbia",2,CAINC6N,203,"213","    Support activities for mining ","Thousands of dollars",(D),(D),(D),(D),(D),0,0,0,0,0,0,0,0,0,0,0,0,0,0,0,0
 "11000","District of Columbia",2,CAINC6N,300,"22","   Utilities ","Thousands of dollars",(D),(D),250413,262381,276859,294953,298878,315110,319740,229785,252975,233014,259647,269461,287623,308338,313069,361809,340319,(D),375697
 "11000","District of Columbia",2,CAINC6N,400,"23","   Construction ","Thousands of dollars",630723,710073,767212,762654,(D),818248,851878,896475,815621,814740,950028,1063825,1084873,1156305,1155096,1210146,(D),1364169,1339932,1415896,1469824
 "11000","District of Columbia",2,CAINC6N,401,"236","    Construction of buildings ","Thousands of dollars",233657,272328,295746,291552,305998,312864,316959,315089,289247,316333,337092,368453,365927,368114,384034,372836,391191,411348,422990,431820,453361
 "11000","District of Columbia",2,CAINC6N,402,"237","    Heavy and civil engineering construction ","Thousands of dollars",147049,166211,170012,152404,(D),168472,157847,158966,158402,179180,202379,216237,216227,245135,222733,247852,(D),261317,264685,274632,272381
 "11000","District of Columbia",2,CAINC6N,403,"238","    Specialty trade contractors ","Thousands of dollars",250017,271534,301454,318698,327516,336912,377072,422420,367972,319227,410557,479135,502719,543056,548329,589458,680923,691504,652257,709444,744082
 "11000","District of Columbia",2,CAINC6N,500,"31-33","   Manufacturing ","Thousands of dollars",269738,(D),212533,226660,198894,171209,160341,155881,142097,134700,136314,126319,133016,120141,128000,138041,(D),150882,145331,(D),(D)
 "11000","District of Columbia",2,CAINC6N,510,"321,327-339","    Durable goods manufacturing ","Thousands of dollars",121342,(D),99348,109510,85286,70601,55057,55986,50450,45617,43205,42303,44260,41722,49913,63887,(D),73637,67859,(D),(D)
 "11000","District of Columbia",2,CAINC6N,511,"321","     Wood product manufacturing ","Thousands of dollars",(D),(D),(D),(D),(D),(D),(D),(D),(D),(D),(D),(D),(D),(D),0,0,0,0,0,0,0
 "11000","District of Columbia",2,CAINC6N,512,"327","     Nonmetallic mineral product manufacturing ","Thousands of dollars",5885,5918,6545,7049,7824,(D),6370,6355,5376,4282,4999,5612,6029,7455,8967,9960,9552,8328,8342,8396,8019
 "11000","District of Columbia",2,CAINC6N,513,"331","     Primary metal manufacturing ","Thousands of dollars",3572,2400,2659,(D),(D),(D),(D),(D),(D),(D),(D),(D),(D),(D),1410,(D),(D),(D),(D),(D),(D)
 "11000","District of Columbia",2,CAINC6N,514,"332","     Fabricated metal product manufacturing ","Thousands of dollars",1773,7108,7050,7405,5670,6636,(D),(D),(D),8598,7021,7803,6174,4209,5419,4733,4530,6639,7438,7719,7050
 "11000","District of Columbia",2,CAINC6N,515,"333","     Machinery manufacturing ","Thousands of dollars",7044,6025,4242,3651,2936,2776,2404,1107,1108,432,537,(D),(D),(D),(D),(D),(D),(D),(D),5116,(D)
 "11000","District of Columbia",2,CAINC6N,516,"334","     Computer and electronic product manufacturing ","Thousands of dollars",(D),58088,50995,55316,44046,24807,18270,20251,18262,17930,13119,10927,10143,9333,(D),(D),19616,22265,18713,20948,29479
 "11000","District of Columbia",2,CAINC6N,517,"335","     Electrical equipment, appliance, and component manufacturing ","Thousands of dollars",(D),(D),(D),(D),(D),(D),(D),(D),(D),(D),(D),(D),(D),(D),(D),(D),(D),(D),(D),(D),(D)
 "11000","District of Columbia",2,CAINC6N,518,"3361-3363","     Motor vehicles, bodies and trailers, and parts manufacturing ","Thousands of dollars",(D),(D),(D),(D),(D),0,0,0,0,0,0,0,0,0,0,0,0,0,0,0,0
 "11000","District of Columbia",2,CAINC6N,519,"3364-3369","     Other transportation equipment manufacturing ","Thousands of dollars",(D),(D),(D),(D),(D),(D),(D),(D),0,0,0,0,0,0,0,0,0,0,0,7272,(D)
 "11000","District of Columbia",2,CAINC6N,521,"337","     Furniture and related product manufacturing ","Thousands of dollars",8044,7548,7897,8208,8627,8651,9238,(D),(D),(D),(D),(D),(D),(D),(D),(D),(D),(D),(D),(D),(D)
 "11000","District of Columbia",2,CAINC6N,522,"339","     Miscellaneous manufacturing ","Thousands of dollars",10072,9530,9571,10050,4859,4790,3986,(D),(D),(D),(D),4175,(D),(D),(D),11671,5800,12798,14402,5208,6093
 "11000","District of Columbia",2,CAINC6N,530,"311-316,322-326","    Nondurable goods manufacturing ","Thousands of dollars",148396,(D),113185,117150,113608,100608,105284,99895,91647,89083,93109,84016,88756,78419,78087,74154,(D),77245,77472,71016,85477
 "11000","District of Columbia",2,CAINC6N,531,"311","     Food manufacturing ","Thousands of dollars",18340,18513,19070,19173,18178,10983,11368,9650,8094,7212,2523,3115,2798,4983,5394,8748,11468,12503,12766,8690,8293
 "11000","District of Columbia",2,CAINC6N,532,"312","     Beverage and tobacco product manufacturing ","Thousands of dollars",(D),(D),(D),(D),(D),(D),(D),(D),(D),(D),(D),(D),(D),(D),(D),(D),(D),(D),(D),(D),(D)
 "11000","District of Columbia",2,CAINC6N,533,"313","     Textile mills ","Thousands of dollars",793,(D),(D),(D),(D),(D),954,1311,986,797,(D),(D),486,590,705,605,976,(D),(D),(D),(D)
 "11000","District of Columbia",2,CAINC6N,534,"314","     Textile product mills ","Thousands of dollars",(D),(D),(D),(D),(D),1163,1114,1205,(D),655,595,711,609,689,1052,1142,(D),(D),(D),(D),(D)
 "11000","District of Columbia",2,CAINC6N,535,"315","     Apparel manufacturing ","Thousands of dollars",676,559,679,553,716,542,590,740,727,775,922,1029,1124,1237,1620,1242,1384,1363,1592,579,723
 "11000","District of Columbia",2,CAINC6N,536,"316","     Leather and allied product manufacturing ","Thousands of dollars",0,0,0,0,0,0,0,0,0,0,0,0,0,(D),0,0,0,0,0,0,0
 "11000","District of Columbia",2,CAINC6N,537,"322","     Paper manufacturing ","Thousands of dollars",926,785,632,(D),(D),(D),(D),(D),(D),(D),(D),(D),(D),(D),(D),(D),(D),(D),(D),(D),(D)
 "11000","District of Columbia",2,CAINC6N,538,"323","     Printing and related support activities ","Thousands of dollars",72066,58162,53391,52613,48612,43193,42442,40577,33229,29916,(D),21989,22558,20026,19157,20671,18847,17663,13506,7898,6812
 "11000","District of Columbia",2,CAINC6N,539,"324","     Petroleum and coal products manufacturing ","Thousands of dollars",13950,7810,7291,12981,8977,11452,11959,(D),(D),(D),(D),0,0,0,0,0,0,0,0,0,0
 "11000","District of Columbia",2,CAINC6N,541,"325","     Chemical manufacturing ","Thousands of dollars",(D),(D),(D),(D),34612,31979,36369,36441,37896,36774,48903,51463,56158,46814,42790,36579,34368,34058,35694,38335,48000
 "11000","District of Columbia",2,CAINC6N,542,"326","     Plastics and rubber products manufacturing ","Thousands of dollars",(D),(D),(D),(D),(D),(D),(D),(D),(D),(D),(D),(D),(D),(D),(D),(D),(D),(D),(D),(D),(D)
 "11000","District of Columbia",2,CAINC6N,600,"42","   Wholesale trade ","Thousands of dollars",329588,326190,380887,406672,440110,461198,510297,525986,512084,551335,572578,638187,635870,671276,667420,673721,695608,697938,807394,863360,925882
 "11000","District of Columbia",2,CAINC6N,700,"44-45","   Retail trade ","Thousands of dollars",540231,555212,585691,614644,630449,646881,659036,662869,639463,696773,740232,778204,801680,854511,911874,981832,1004707,1051342,1088127,1037656,1049895
 "11000","District of Columbia",2,CAINC6N,701,"441","    Motor vehicle and parts dealers ","Thousands of dollars",17556,22167,20164,18096,17739,18118,17312,13931,12319,9953,9846,10624,10201,9378,8076,8187,7128,6726,6540,6461,7403
 "11000","District of Columbia",2,CAINC6N,702,"442","    Furniture and home furnishings stores ","Thousands of dollars",25263,23645,23880,25261,29011,31447,32590,34214,26554,25879,29858,30953,29214,30368,31304,32469,33000,34696,38707,29840,31499
 "11000","District of Columbia",2,CAINC6N,703,"443","    Electronics and appliance stores ","Thousands of dollars",27127,30082,27885,25474,23567,22227,22597,21901,20720,24448,25854,20352,22078,24569,29382,55552,55778,80721,90801,102870,89933
 "11000","District of Columbia",2,CAINC6N,704,"444","    Building material and garden equipment and supplies dealers ","Thousands of dollars",31363,39918,49567,54358,56160,61383,48059,36023,33089,33284,47173,58578,79603,88705,83948,94033,82222,82314,74557,61187,56024
 "11000","District of Columbia",2,CAINC6N,705,"445","    Food and beverage stores ","Thousands of dollars",155987,157846,169287,174210,171257,178341,184055,195303,197253,207287,210491,213785,222326,237273,265384,272496,291143,295069,305038,307986,324151
 "11000","District of Columbia",2,CAINC6N,706,"446","    Health and personal care stores ","Thousands of dollars",60426,65513,72148,84183,91352,93031,96475,98532,103571,108492,106889,113649,120692,124222,133249,142653,145024,158101,156955,150153,149254
 "11000","District of Columbia",2,CAINC6N,707,"447","    Gasoline stations ","Thousands of dollars",14642,14791,15241,14956,14875,13576,12578,12354,11942,12617,12873,16589,17664,15294,15673,16110,16369,18345,22856,22985,23704
 "11000","District of Columbia",2,CAINC6N,708,"448","    Clothing and clothing accessories stores ","Thousands of dollars",80438,86321,90990,91337,97734,97344,104666,105268,92777,95416,98847,97546,95296,95599,98364,99574,101405,102216,111398,81971,91532
 "11000","District of Columbia",2,CAINC6N,709,"451","    Sporting goods, hobby, musical instrument, and book stores ","Thousands of dollars",36989,32682,32976,34998,35442,35769,35651,34478,32353,31005,28966,27073,25729,26322,32147,31954,32615,33370,30293,26165,30585
 "11000","District of Columbia",2,CAINC6N,711,"452","    General merchandise stores ","Thousands of dollars",22063,16885,25145,29029,29357,28817,32464,38157,36748,37653,43449,42325,68749,94179,105181,111212,122769,127489,137653,140450,146630
 "11000","District of Columbia",2,CAINC6N,712,"453","    Miscellaneous store retailers ","Thousands of dollars",63484,54980,52047,54740,51358,50217,51142,48949,44661,45383,47771,51156,56330,55256,58763,53996,58674,59325,60557,50267,55371
 "11000","District of Columbia",2,CAINC6N,713,"454","    Nonstore retailers ","Thousands of dollars",4893,10382,6361,8002,12597,16611,21447,23759,27476,65356,78215,95574,53798,53346,50403,63596,58580,52970,52772,57321,43809
 "11000","District of Columbia",2,CAINC6N,800,"48-49","   Transportation and warehousing ","Thousands of dollars",(D),(D),332380,336236,327007,322022,320839,356286,344233,357234,387453,391811,354344,374520,423168,436548,442012,452271,452044,393079,412681
 "11000","District of Columbia",2,CAINC6N,801,"481","    Air transportation ","Thousands of dollars",28741,21591,19427,16825,16726,13211,14385,24136,13779,12027,14060,15461,16951,19489,25988,32985,16782,9945,11745,11788,10234
 "11000","District of Columbia",2,CAINC6N,802,"482","    Rail transportation ","Thousands of dollars",(D),(D),(D),185420,184854,185306,191276,219496,214749,220143,242084,245260,201457,218171,235230,234654,235877,231138,249598,221799,222556
 "11000","District of Columbia",2,CAINC6N,803,"483","    Water transportation ","Thousands of dollars",7758,7262,7938,9125,9234,8786,(D),(D),(D),(D),(D),(D),(D),(D),(D),(D),(D),(D),3160,(D),(D)
 "11000","District of Columbia",2,CAINC6N,804,"484","    Truck transportation ","Thousands of dollars",9493,10400,10868,9746,9892,10877,11192,10588,10129,12223,11826,9806,10183,7850,19411,21612,18622,32122,6841,5913,4569
 "11000","District of Columbia",2,CAINC6N,805,"485","    Transit and ground passenger transportation ","Thousands of dollars",49526,47473,48744,50030,46273,48035,43832,38952,40336,41506,48613,50697,48838,51697,55473,57919,67269,68957,72458,60537,63163
 "11000","District of Columbia",2,CAINC6N,806,"486","    Pipeline transportation ","Thousands of dollars",16308,5112,3497,(D),(D),(D),(D),(D),(D),(D),(D),(D),(D),(D),(D),(D),(D),(D),(D),(D),(D)
 "11000","District of Columbia",2,CAINC6N,807,"487","    Scenic and sightseeing transportation ","Thousands of dollars",700,2720,(D),(D),3656,(D),3042,9303,10453,12529,11283,6742,9613,12390,21787,22032,26472,28047,28290,10140,10321
 "11000","District of Columbia",2,CAINC6N,808,"488","    Support activities for transportation ","Thousands of dollars",23438,11231,13203,11075,7181,6975,6839,7034,6226,5153,6081,7622,15114,19391,16845,17338,25309,25880,30935,32814,41074
 "11000","District of Columbia",2,CAINC6N,809,"492","    Couriers and messengers ","Thousands of dollars",(D),(D),(D),(D),(D),(D),(D),(D),(D),(D),(D),(D),(D),(D),(D),(D),(D),51497,(D),44937,54124
 "11000","District of Columbia",2,CAINC6N,811,"493","    Warehousing and storage ","Thousands of dollars",18711,(D),(D),(D),(D),(D),(D),(D),(D),(D),(D),743,(D),(D),(D),(D),(D),(D),2380,(D),(D)
 "11000","District of Columbia",2,CAINC6N,900,"51","   Information ","Thousands of dollars",(D),2320445,2421090,2502667,2506298,2474040,2602286,2559610,2402704,2323548,2425508,2321192,2430465,2465508,2446609,2488160,2686843,2958422,3199893,3737717,4320868
 "11000","District of Columbia",2,CAINC6N,901,"511","    Publishing industries (except Internet) ","Thousands of dollars",858588,848233,891756,884844,864694,864434,909104,826115,756476,685957,753854,757711,731253,712581,668625,694028,813974,870302,942427,1205349,1503782
 "11000","District of Columbia",2,CAINC6N,902,"512","    Motion picture and sound recording industries ","Thousands of dollars",103539,(D),129310,121400,102510,90481,96733,96144,90578,97714,98807,102788,91928,91663,97453,86777,72919,79360,88106,84864,93702
 "11000","District of Columbia",2,CAINC6N,903,"515","    Broadcasting (except Internet) ","Thousands of dollars",520255,529447,522292,581749,639955,608949,661791,693483,635027,603889,623079,638072,661111,709760,742465,746316,784234,869506,885924,913782,929032
 "11000","District of Columbia",2,CAINC6N,904,"516","    Internet publishing and broadcasting 4/","Thousands of dollars",(D),(D),7251,13672,16593,27925,(NA),(NA),(NA),(NA),(NA),(NA),(NA),(NA),(NA),(NA),(NA),(NA),(NA),(NA),(NA)
 "11000","District of Columbia",2,CAINC6N,905,"517","    Telecommunications ","Thousands of dollars",371930,393768,407071,367581,378075,328368,529177,501628,525031,511337,491458,353022,446811,395741,334544,320703,313531,306311,329512,370329,398192
 "11000","District of Columbia",2,CAINC6N,906,"518","    Data processing, hosting, and related services ","Thousands of dollars",240308,243438,249648,305524,274837,310058,83988,92926,92670,94243,90585,55112,55207,59864,62487,73423,72351,129969,169778,263961,301434
 "11000","District of Columbia",2,CAINC6N,907,"519","    Other information services 4/","Thousands of dollars",219021,196797,213762,227897,229634,243825,321493,349314,302922,330408,367725,414487,444155,495899,541035,566913,629834,702974,784146,899432,1094726
 "11000","District of Columbia",2,CAINC6N,1000,"52","   Finance and insurance ","Thousands of dollars",2088326,1956873,2005165,2191863,2181244,2421005,2642012,2450086,2057234,2266015,2431977,2479695,2547554,2745351,2919267,2961931,3140306,3296599,3346611,3358511,3643495
 "11000","District of Columbia",2,CAINC6N,1001,"521","    Monetary Authorities-central bank ","Thousands of dollars",(D),(D),(D),(D),(D),(D),(D),(D),(D),(D),(D),0,(D),0,0,(D),(D),8560,8420,7458,10424
 "11000","District of Columbia",2,CAINC6N,1002,"522","    Credit intermediation and related activities ","Thousands of dollars",900083,903646,956602,1092402,988707,1146414,1313555,1114086,889082,930497,947503,965662,1000066,1062239,1153571,1207930,1257228,1299477,1333761,1386278,1351213
 "11000","District of Columbia",2,CAINC6N,1003,"523","    Securities, commodity contracts, and other financial investments and related activities ","Thousands of dollars",794082,664417,648876,690541,801620,841359,899552,921755,772200,884432,955938,947917,958039,1050367,1050702,1093365,1186645,1221120,1221433,1178131,1369513
 "11000","District of Columbia",2,CAINC6N,1004,"524","    Insurance carriers and related activities ","Thousands of dollars",384270,374188,385144,393193,378310,411573,426058,412433,394110,449602,528383,565442,587181,629474,709615,652840,682086,753006,764837,762002,869762
 "11000","District of Columbia",2,CAINC6N,1005,"525","    Funds, trusts, and other financial vehicles ","Thousands of dollars",(D),(D),(D),(D),(D),(D),(D),(D),(D),(D),(D),674,(D),3271,5379,(D),(D),14436,18160,24642,42583
 "11000","District of Columbia",2,CAINC6N,1100,"53","   Real estate and rental and leasing ","Thousands of dollars",553707,568815,597443,674163,712052,804197,856969,822726,778094,829699,891102,970620,996619,1267469,1307500,1346831,1483730,1545459,1646065,1630839,1638261
 "11000","District of Columbia",2,CAINC6N,1101,"531","    Real estate ","Thousands of dollars",517169,532317,557160,629576,(D),754071,806451,773414,731050,783722,850844,925886,952655,1220596,1264186,1304452,1440185,1498539,1591514,1591697,1600952
 "11000","District of Columbia",2,CAINC6N,1102,"532","    Rental and leasing services ","Thousands of dollars",(D),(D),(D),(D),(D),(D),(D),(D),(D),(D),(D),(D),(D),(D),(D),42037,(D),45663,52906,37306,36397
 "11000","District of Columbia",2,CAINC6N,1103,"533","    Lessors of nonfinancial intangible assets (except copyrighted works) ","Thousands of dollars",(D),(D),(D),(D),0,(D),(D),(D),(D),(D),(D),(D),(D),(D),(D),342,(D),1257,1645,1836,912
 "11000","District of Columbia",2,CAINC6N,1200,"54","   Professional, scientific, and technical services ","Thousands of dollars",8703505,9072827,9431816,10255297,11136677,12107279,12966483,13652746,13323514,13677355,14406447,15060409,15262552,15936365,16697634,17407772,18271541,19392602,20279119,21233977,22521351
 "11000","District of Columbia",2,CAINC6N,1300,"55","   Management of companies and enterprises ","Thousands of dollars",371228,346650,254971,251214,282681,331480,425825,380487,392436,497877,465908,528319,505110,561873,703073,607459,671827,727447,773382,889685,883778
 "11000","District of Columbia",2,CAINC6N,1400,"56","   Administrative and support and waste management and remediation services ","Thousands of dollars",1429914,1454090,1557965,1644360,1822911,1952661,2113927,2211121,2116576,2197350,2481639,2526009,2608515,2717547,2869009,2833189,2934917,2935052,3067678,3017769,3200472
 "11000","District of Columbia",2,CAINC6N,1401,"561","    Administrative and support services ","Thousands of dollars",1415067,1433733,1533931,1627166,1803503,1932650,2096872,2192077,2099413,2177035,2453057,2505843,2589343,2695450,2848829,2805670,2902471,2903571,3033588,2979021,3156293
 "11000","District of Columbia",2,CAINC6N,1402,"562","    Waste management and remediation services ","Thousands of dollars",14847,20357,24034,17194,19408,20011,17055,19044,17163,20315,28582,20166,19172,22097,20180,27519,32446,31481,34090,38748,44179
 "11000","District of Columbia",2,CAINC6N,1500,"61","   Educational services ","Thousands of dollars",1555751,1748855,1937475,2107066,2127514,2234279,2346343,2504650,2695323,2748202,2888143,2964794,3251505,3460557,3529285,3699124,3654299,3807580,3923592,3967812,3885275
 "11000","District of Columbia",2,CAINC6N,1600,"62","   Health care and social assistance ","Thousands of dollars",2501271,2694652,2848463,3032645,3125350,3259910,3530635,3708783,3877693,4202514,4372943,4418460,4529265,4795747,4998895,5183859,5339324,5577401,5758767,5993600,6221158
 "11000","District of Columbia",2,CAINC6N,1601,"621","    Ambulatory health care services ","Thousands of dollars",717497,758405,771406,791946,818541,848304,952519,997242,1042615,1120040,1217220,1216833,1126151,1220539,1316831,1448543,1516341,1632189,1699728,1740617,2140252
 "11000","District of Columbia",2,CAINC6N,1602,"622","    Hospitals ","Thousands of dollars",1233627,1317874,1383853,1462437,1525203,1625496,1737790,1856625,1951929,2122690,2188589,2230666,2387540,2521779,2631881,2683723,2752507,2789391,2842435,2926492,2713238
 "11000","District of Columbia",2,CAINC6N,1603,"623","    Nursing and residential care facilities ","Thousands of dollars",208433,228539,254257,267382,266817,258804,263967,273253,300334,340213,333784,357900,354126,368288,346996,334910,351067,370684,382419,433032,435518
 "11000","District of Columbia",2,CAINC6N,1604,"624","    Social assistance ","Thousands of dollars",341714,389834,438947,510880,514789,527306,576359,581663,582815,619571,633350,613061,661448,685141,703187,716683,719409,785137,834185,893459,932150
 "11000","District of Columbia",2,CAINC6N,1700,"71","   Arts, entertainment, and recreation ","Thousands of dollars",321350,314842,316109,295962,379796,403758,402339,499321,518039,525173,458716,425224,452180,511256,727428,745040,904012,984015,1005962,665532,805926
 "11000","District of Columbia",2,CAINC6N,1701,"711","    Performing arts, spectator sports, and related industries ","Thousands of dollars",247505,233239,233042,210206,289942,310896,310678,373733,393072,402518,338651,299778,333787,383747,594012,601903,716626,776620,776978,485301,615707
 "11000","District of Columbia",2,CAINC6N,1702,"712","    Museums, historical sites, and similar institutions ","Thousands of dollars",21202,24371,29077,30994,32873,32069,35401,56560,54266,53756,51788,52605,48938,49750,48963,51518,84869,96030,102981,91012,89802
 "11000","District of Columbia",2,CAINC6N,1703,"713","    Amusement, gambling, and recreation industries ","Thousands of dollars",52643,57232,53990,54762,56981,60793,56260,69028,70701,68899,68277,72841,69455,77759,84453,91619,102517,111365,126003,89219,100417
 "11000","District of Columbia",2,CAINC6N,1800,"72","   Accommodation and food services ","Thousands of dollars",(D),1264394,1364194,1501580,1616662,1661304,1753170,1832169,1820253,1929956,2049288,2162907,2309266,2488288,2692353,2810768,2933406,3139390,3343789,1832841,2205364
 "11000","District of Columbia",2,CAINC6N,1801,"721","    Accommodation ","Thousands of dollars",(D),575057,614199,683116,723503,741305,768450,800843,768237,822314,850435,865204,886540,932005,970609,982015,1018739,1053738,1130546,545127,545585
 "11000","District of Columbia",2,CAINC6N,1802,"722","    Food services and drinking places ","Thousands of dollars",669120,689337,749995,818464,893159,919999,984720,1031326,1052016,1107642,1198853,1297703,1422726,1556283,1721744,1828753,1914667,2085652,2213243,1287714,1659779
 "11000","District of Columbia",2,CAINC6N,1900,"81","   Other services (except government and government enterprises) ","Thousands of dollars",3664976,3967221,4063202,4412776,4628607,4829754,5247994,5715345,5775756,5824817,6152712,6369962,6610545,6910086,7263117,7567214,7811844,8351333,8640854,8943155,8962024
 "11000","District of Columbia",2,CAINC6N,1901,"811","    Repair and maintenance ","Thousands of dollars",(D),(D),30008,36233,41867,39815,40805,33050,29520,28316,29135,31236,29285,27951,30962,37775,45184,43959,45165,52797,45701
 "11000","District of Columbia",2,CAINC6N,1902,"812","    Personal and laundry services ","Thousands of dollars",192204,199853,220689,242701,244447,252210,262531,262391,263105,278836,288942,298675,293632,311917,336057,363407,388891,406687,411011,287629,314794
 "11000","District of Columbia",2,CAINC6N,1903,"813","    Religious, grantmaking, civic, professional, and similar organizations ","Thousands of dollars",3351085,3653036,3725617,4047059,4260350,4456414,4862187,5340363,5417919,5460458,5772258,5982639,6226110,6498706,6821780,7095462,7312716,7824131,8104664,8524475,8527096
 "11000","District of Columbia",2,CAINC6N,1904,"814","    Private households ","Thousands of dollars",(D),(D),86888,86783,81943,81315,82471,79541,65212,57207,62377,57412,61518,71512,74318,70570,65053,76556,80014,78254,74433
 "11000","District of Columbia",2,CAINC6N,2000,"...","  Government and government enterprises ","Thousands of dollars",19229764,21131352,22521537,24056503,25776079,26274539,26999695,28563450,30570670,33081690,33848309,33557116,33520683,34428349,35218858,36855299,37817879,39596884,39800954,41437839,42998170
 "11000","District of Columbia",2,CAINC6N,2001,"...","   Federal civilian ","Thousands of dollars",15661971,17281253,18484744,19832435,21012674,21699583,22317152,23587920,25410081,27719067,28610087,28508445,28371283,29190504,29838945,31225432,31942504,33244879,33507520,34592726,35945502
 "11000","District of Columbia",2,CAINC6N,2002,"...","   Military ","Thousands of dollars",1130683,1284562,1466854,1585114,1703219,1704668,1712798,1780072,1835610,1907742,1780405,1460953,1425384,1399528,1372736,1411918,1470218,1430063,1440576,1513475,1690525
 "11000","District of Columbia",2,CAINC6N,2010,"...","   State and local ","Thousands of dollars",2437110,2565537,2569939,2638954,3060186,2870288,2969745,3195458,3324979,3454881,3457817,3587718,3724016,3838317,4007177,4217949,4405157,4921942,4852858,5331638,5362143
 "11000","District of Columbia",2,CAINC6N,2011,"...","    State government ","Thousands of dollars",0,0,0,0,0,0,0,0,0,0,0,0,0,0,0,0,0,0,0,0,0
 "11000","District of Columbia",2,CAINC6N,2012,"...","    Local government ","Thousands of dollars",2437110,2565537,2569939,2638954,3060186,2870288,2969745,3195458,3324979,3454881,3457817,3587718,3724016,3838317,4007177,4217949,4405157,4921942,4852858,5331638,5362143
 "11001","District of Columbia, DC",2,CAINC6N,1,"...","Compensation of employees (thousands of dollars) 1/","Thousands of dollars",46409614,49222496,51856798,55539931,58946058,61468717,64688947,67813101,69101530,72888763,75912272,77016067,78293689,81734625,84946209,88255272,91567950,96390595,98959813,100908371,105684363
 "11001","District of Columbia, DC",2,CAINC6N,5,"..."," Wages and salaries ","Thousands of dollars",37606349,39513974,41349450,44273694,46640747,49272216,52013827,54374562,55104578,57869208,59787184,61162084,62193842,64688078,67679818,70061013,72987885,76568814,78676806,80113959,83944074
 "11001","District of Columbia, DC",2,CAINC6N,6,"..."," Supplements to wages and salaries ","Thousands of dollars",8803265,9708522,10507348,11266237,12305311,12196501,12675120,13438539,13996952,15019555,16125088,15853983,16099847,17046547,17266391,18194259,18580065,19821781,20283007,20794412,21740289
 "11001","District of Columbia, DC",2,CAINC6N,7,"...","  Employer contributions for employee pension and insurance funds 2/","Thousands of dollars",6224778,6965263,7662465,8224700,9105523,8831718,9142120,9632189,10049209,10859370,11791099,11390661,11532016,12273986,12298200,13099837,13319817,14318854,14662117,15092795,15931105
 "11001","District of Columbia, DC",2,CAINC6N,8,"...","  Employer contributions for government social insurance ","Thousands of dollars",2578487,2743259,2844883,3041537,3199788,3364783,3533000,3806350,3947743,4160185,4333989,4463322,4567831,4772561,4968191,5094422,5260248,5502927,5620890,5701617,5809184
 "11001","District of Columbia, DC",2,CAINC6N,9,"...","Average compensation per job (dollars) 3/","Dollars",67360,69965,74132,78800,83212,86174,90057,93938,96014,99658,102193,102791,103203,106522,109472,111773,115276,120216,122803,133876,140073
 "11001","District of Columbia, DC",2,CAINC6N,81,"111-112"," Farm compensation ","Thousands of dollars",0,0,0,0,0,0,0,0,0,0,0,0,0,0,0,0,0,0,0,0,0
 "11001","District of Columbia, DC",2,CAINC6N,82,"..."," Nonfarm compensation ","Thousands of dollars",46409614,49222496,51856798,55539931,58946058,61468717,64688947,67813101,69101530,72888763,75912272,77016067,78293689,81734625,84946209,88255272,91567950,96390595,98959813,100908371,105684363
 "11001","District of Columbia, DC",2,CAINC6N,90,"113-814","  Private nonfarm compensation ","Thousands of dollars",27179850,28091144,29335261,31483428,33169979,35194178,37689252,39249651,38530860,39807073,42063963,43458951,44773006,47306276,49727351,51399973,53750071,56793711,59158859,59470532,62686193
 "11001","District of Columbia, DC",2,CAINC6N,100,"113-115","   Forestry, fishing, and related activities ","Thousands of dollars",(D),(D),0,0,0,0,0,0,0,0,0,0,0,15,0,0,0,0,0,0,(D)
 "11001","District of Columbia, DC",2,CAINC6N,101,"113","    Forestry and logging ","Thousands of dollars",(D),(D),0,0,0,0,0,0,0,0,0,0,0,0,0,0,0,0,0,0,0
 "11001","District of Columbia, DC",2,CAINC6N,102,"114","    Fishing, hunting and trapping ","Thousands of dollars",0,0,0,0,0,0,0,0,0,0,0,0,0,0,0,0,0,0,0,0,0
 "11001","District of Columbia, DC",2,CAINC6N,103,"115","    Support activities for agriculture and forestry ","Thousands of dollars",0,0,0,0,0,0,0,0,0,0,0,0,0,15,0,0,0,0,0,0,(D)
 "11001","District of Columbia, DC",2,CAINC6N,200,"21","   Mining, quarrying, and oil and gas extraction ","Thousands of dollars",(D),(D),8252,4588,(D),0,0,0,0,0,0,0,0,0,0,0,0,0,0,0,0
 "11001","District of Columbia, DC",2,CAINC6N,201,"211","    Oil and gas extraction ","Thousands of dollars",8957,8423,(D),(D),(D),0,0,0,0,0,0,0,0,0,0,0,0,0,0,0,0
 "11001","District of Columbia, DC",2,CAINC6N,202,"212","    Mining (except oil and gas) ","Thousands of dollars",1465,(D),0,0,0,0,0,0,0,0,0,0,0,0,0,0,0,0,0,0,0
 "11001","District of Columbia, DC",2,CAINC6N,203,"213","    Support activities for mining ","Thousands of dollars",(D),(D),(D),(D),(D),0,0,0,0,0,0,0,0,0,0,0,0,0,0,0,0
 "11001","District of Columbia, DC",2,CAINC6N,300,"22","   Utilities ","Thousands of dollars",(D),(D),250413,262381,276859,294953,298878,315110,319740,229785,252975,233014,259647,269461,287623,308338,313069,361809,340319,(D),375697
 "11001","District of Columbia, DC",2,CAINC6N,400,"23","   Construction ","Thousands of dollars",630723,710073,767212,762654,(D),818248,851878,896475,815621,814740,950028,1063825,1084873,1156305,1155096,1210146,(D),1364169,1339932,1415896,1469824
 "11001","District of Columbia, DC",2,CAINC6N,401,"236","    Construction of buildings ","Thousands of dollars",233657,272328,295746,291552,305998,312864,316959,315089,289247,316333,337092,368453,365927,368114,384034,372836,391191,411348,422990,431820,453361
 "11001","District of Columbia, DC",2,CAINC6N,402,"237","    Heavy and civil engineering construction ","Thousands of dollars",147049,166211,170012,152404,(D),168472,157847,158966,158402,179180,202379,216237,216227,245135,222733,247852,(D),261317,264685,274632,272381
 "11001","District of Columbia, DC",2,CAINC6N,403,"238","    Specialty trade contractors ","Thousands of dollars",250017,271534,301454,318698,327516,336912,377072,422420,367972,319227,410557,479135,502719,543056,548329,589458,680923,691504,652257,709444,744082
 "11001","District of Columbia, DC",2,CAINC6N,500,"31-33","   Manufacturing ","Thousands of dollars",269738,(D),212533,226660,198894,171209,160341,155881,142097,134700,136314,126319,133016,120141,128000,138041,(D),150882,145331,(D),(D)
 "11001","District of Columbia, DC",2,CAINC6N,510,"321,327-339","    Durable goods manufacturing ","Thousands of dollars",121342,(D),99348,109510,85286,70601,55057,55986,50450,45617,43205,42303,44260,41722,49913,63887,(D),73637,67859,(D),(D)
 "11001","District of Columbia, DC",2,CAINC6N,511,"321","     Wood product manufacturing ","Thousands of dollars",(D),(D),(D),(D),(D),(D),(D),(D),(D),(D),(D),(D),(D),(D),0,0,0,0,0,0,0
 "11001","District of Columbia, DC",2,CAINC6N,512,"327","     Nonmetallic mineral product manufacturing ","Thousands of dollars",5885,5918,6545,7049,7824,(D),6370,6355,5376,4282,4999,5612,6029,7455,8967,9960,9552,8328,8342,8396,8019
 "11001","District of Columbia, DC",2,CAINC6N,513,"331","     Primary metal manufacturing ","Thousands of dollars",3572,2400,2659,(D),(D),(D),(D),(D),(D),(D),(D),(D),(D),(D),1410,(D),(D),(D),(D),(D),(D)
 "11001","District of Columbia, DC",2,CAINC6N,514,"332","     Fabricated metal product manufacturing ","Thousands of dollars",1773,7108,7050,7405,5670,6636,(D),(D),(D),8598,7021,7803,6174,4209,5419,4733,4530,6639,7438,7719,7050
 "11001","District of Columbia, DC",2,CAINC6N,515,"333","     Machinery manufacturing ","Thousands of dollars",7044,6025,4242,3651,2936,2776,2404,1107,1108,432,537,(D),(D),(D),(D),(D),(D),(D),(D),5116,(D)
 "11001","District of Columbia, DC",2,CAINC6N,516,"334","     Computer and electronic product manufacturing ","Thousands of dollars",(D),58088,50995,55316,44046,24807,18270,20251,18262,17930,13119,10927,10143,9333,(D),(D),19616,22265,18713,20948,29479
 "11001","District of Columbia, DC",2,CAINC6N,517,"335","     Electrical equipment, appliance, and component manufacturing ","Thousands of dollars",(D),(D),(D),(D),(D),(D),(D),(D),(D),(D),(D),(D),(D),(D),(D),(D),(D),(D),(D),(D),(D)
 "11001","District of Columbia, DC",2,CAINC6N,518,"3361-3363","     Motor vehicles, bodies and trailers, and parts manufacturing ","Thousands of dollars",(D),(D),(D),(D),(D),0,0,0,0,0,0,0,0,0,0,0,0,0,0,0,0
 "11001","District of Columbia, DC",2,CAINC6N,519,"3364-3369","     Other transportation equipment manufacturing ","Thousands of dollars",(D),(D),(D),(D),(D),(D),(D),(D),0,0,0,0,0,0,0,0,0,0,0,7272,(D)
 "11001","District of Columbia, DC",2,CAINC6N,521,"337","     Furniture and related product manufacturing ","Thousands of dollars",8044,7548,7897,8208,8627,8651,9238,(D),(D),(D),(D),(D),(D),(D),(D),(D),(D),(D),(D),(D),(D)
 "11001","District of Columbia, DC",2,CAINC6N,522,"339","     Miscellaneous manufacturing ","Thousands of dollars",10072,9530,9571,10050,4859,4790,3986,(D),(D),(D),(D),4175,(D),(D),(D),11671,5800,12798,14402,5208,6093
 "11001","District of Columbia, DC",2,CAINC6N,530,"311-316,322-326","    Nondurable goods manufacturing ","Thousands of dollars",148396,(D),113185,117150,113608,100608,105284,99895,91647,89083,93109,84016,88756,78419,78087,74154,(D),77245,77472,71016,85477
 "11001","District of Columbia, DC",2,CAINC6N,531,"311","     Food manufacturing ","Thousands of dollars",18340,18513,19070,19173,18178,10983,11368,9650,8094,7212,2523,3115,2798,4983,5394,8748,11468,12503,12766,8690,8293
 "11001","District of Columbia, DC",2,CAINC6N,532,"312","     Beverage and tobacco product manufacturing ","Thousands of dollars",(D),(D),(D),(D),(D),(D),(D),(D),(D),(D),(D),(D),(D),(D),(D),(D),(D),(D),(D),(D),(D)
 "11001","District of Columbia, DC",2,CAINC6N,533,"313","     Textile mills ","Thousands of dollars",793,(D),(D),(D),(D),(D),954,1311,986,797,(D),(D),486,590,705,605,976,(D),(D),(D),(D)
 "11001","District of Columbia, DC",2,CAINC6N,534,"314","     Textile product mills ","Thousands of dollars",(D),(D),(D),(D),(D),1163,1114,1205,(D),655,595,711,609,689,1052,1142,(D),(D),(D),(D),(D)
 "11001","District of Columbia, DC",2,CAINC6N,535,"315","     Apparel manufacturing ","Thousands of dollars",676,559,679,553,716,542,590,740,727,775,922,1029,1124,1237,1620,1242,1384,1363,1592,579,723
 "11001","District of Columbia, DC",2,CAINC6N,536,"316","     Leather and allied product manufacturing ","Thousands of dollars",0,0,0,0,0,0,0,0,0,0,0,0,0,(D),0,0,0,0,0,0,0
 "11001","District of Columbia, DC",2,CAINC6N,537,"322","     Paper manufacturing ","Thousands of dollars",926,785,632,(D),(D),(D),(D),(D),(D),(D),(D),(D),(D),(D),(D),(D),(D),(D),(D),(D),(D)
 "11001","District of Columbia, DC",2,CAINC6N,538,"323","     Printing and related support activities ","Thousands of dollars",72066,58162,53391,52613,48612,43193,42442,40577,33229,29916,(D),21989,22558,20026,19157,20671,18847,17663,13506,7898,6812
 "11001","District of Columbia, DC",2,CAINC6N,539,"324","     Petroleum and coal products manufacturing ","Thousands of dollars",13950,7810,7291,12981,8977,11452,11959,(D),(D),(D),(D),0,0,0,0,0,0,0,0,0,0
 "11001","District of Columbia, DC",2,CAINC6N,541,"325","     Chemical manufacturing ","Thousands of dollars",(D),(D),(D),(D),34612,31979,36369,36441,37896,36774,48903,51463,56158,46814,42790,36579,34368,34058,35694,38335,48000
 "11001","District of Columbia, DC",2,CAINC6N,542,"326","     Plastics and rubber products manufacturing ","Thousands of dollars",(D),(D),(D),(D),(D),(D),(D),(D),(D),(D),(D),(D),(D),(D),(D),(D),(D),(D),(D),(D),(D)
 "11001","District of Columbia, DC",2,CAINC6N,600,"42","   Wholesale trade ","Thousands of dollars",329588,326190,380887,406672,440110,461198,510297,525986,512084,551335,572578,638187,635870,671276,667420,673721,695608,697938,807394,863360,925882
 "11001","District of Columbia, DC",2,CAINC6N,700,"44-45","   Retail trade ","Thousands of dollars",540231,555212,585691,614644,630449,646881,659036,662869,639463,696773,740232,778204,801680,854511,911874,981832,1004707,1051342,1088127,1037656,1049895
 "11001","District of Columbia, DC",2,CAINC6N,701,"441","    Motor vehicle and parts dealers ","Thousands of dollars",17556,22167,20164,18096,17739,18118,17312,13931,12319,9953,9846,10624,10201,9378,8076,8187,7128,6726,6540,6461,7403
 "11001","District of Columbia, DC",2,CAINC6N,702,"442","    Furniture and home furnishings stores ","Thousands of dollars",25263,23645,23880,25261,29011,31447,32590,34214,26554,25879,29858,30953,29214,30368,31304,32469,33000,34696,38707,29840,31499
 "11001","District of Columbia, DC",2,CAINC6N,703,"443","    Electronics and appliance stores ","Thousands of dollars",27127,30082,27885,25474,23567,22227,22597,21901,20720,24448,25854,20352,22078,24569,29382,55552,55778,80721,90801,102870,89933
 "11001","District of Columbia, DC",2,CAINC6N,704,"444","    Building material and garden equipment and supplies dealers ","Thousands of dollars",31363,39918,49567,54358,56160,61383,48059,36023,33089,33284,47173,58578,79603,88705,83948,94033,82222,82314,74557,61187,56024
 "11001","District of Columbia, DC",2,CAINC6N,705,"445","    Food and beverage stores ","Thousands of dollars",155987,157846,169287,174210,171257,178341,184055,195303,197253,207287,210491,213785,222326,237273,265384,272496,291143,295069,305038,307986,324151
 "11001","District of Columbia, DC",2,CAINC6N,706,"446","    Health and personal care stores ","Thousands of dollars",60426,65513,72148,84183,91352,93031,96475,98532,103571,108492,106889,113649,120692,124222,133249,142653,145024,158101,156955,150153,149254
 "11001","District of Columbia, DC",2,CAINC6N,707,"447","    Gasoline stations ","Thousands of dollars",14642,14791,15241,14956,14875,13576,12578,12354,11942,12617,12873,16589,17664,15294,15673,16110,16369,18345,22856,22985,23704
 "11001","District of Columbia, DC",2,CAINC6N,708,"448","    Clothing and clothing accessories stores ","Thousands of dollars",80438,86321,90990,91337,97734,97344,104666,105268,92777,95416,98847,97546,95296,95599,98364,99574,101405,102216,111398,81971,91532
 "11001","District of Columbia, DC",2,CAINC6N,709,"451","    Sporting goods, hobby, musical instrument, and book stores ","Thousands of dollars",36989,32682,32976,34998,35442,35769,35651,34478,32353,31005,28966,27073,25729,26322,32147,31954,32615,33370,30293,26165,30585
 "11001","District of Columbia, DC",2,CAINC6N,711,"452","    General merchandise stores ","Thousands of dollars",22063,16885,25145,29029,29357,28817,32464,38157,36748,37653,43449,42325,68749,94179,105181,111212,122769,127489,137653,140450,146630
 "11001","District of Columbia, DC",2,CAINC6N,712,"453","    Miscellaneous store retailers ","Thousands of dollars",63484,54980,52047,54740,51358,50217,51142,48949,44661,45383,47771,51156,56330,55256,58763,53996,58674,59325,60557,50267,55371
 "11001","District of Columbia, DC",2,CAINC6N,713,"454","    Nonstore retailers ","Thousands of dollars",4893,10382,6361,8002,12597,16611,21447,23759,27476,65356,78215,95574,53798,53346,50403,63596,58580,52970,52772,57321,43809
 "11001","District of Columbia, DC",2,CAINC6N,800,"48-49","   Transportation and warehousing ","Thousands of dollars",(D),(D),332380,336236,327007,322022,320839,356286,344233,357234,387453,391811,354344,374520,423168,436548,442012,452271,452044,393079,412681
 "11001","District of Columbia, DC",2,CAINC6N,801,"481","    Air transportation ","Thousands of dollars",28741,21591,19427,16825,16726,13211,14385,24136,13779,12027,14060,15461,16951,19489,25988,32985,16782,9945,11745,11788,10234
 "11001","District of Columbia, DC",2,CAINC6N,802,"482","    Rail transportation ","Thousands of dollars",(D),(D),(D),185420,184854,185306,191276,219496,214749,220143,242084,245260,201457,218171,235230,234654,235877,231138,249598,221799,222556
 "11001","District of Columbia, DC",2,CAINC6N,803,"483","    Water transportation ","Thousands of dollars",7758,7262,7938,9125,9234,8786,(D),(D),(D),(D),(D),(D),(D),(D),(D),(D),(D),(D),3160,(D),(D)
 "11001","District of Columbia, DC",2,CAINC6N,804,"484","    Truck transportation ","Thousands of dollars",9493,10400,10868,9746,9892,10877,11192,10588,10129,12223,11826,9806,10183,7850,19411,21612,18622,32122,6841,5913,4569
 "11001","District of Columbia, DC",2,CAINC6N,805,"485","    Transit and ground passenger transportation ","Thousands of dollars",49526,47473,48744,50030,46273,48035,43832,38952,40336,41506,48613,50697,48838,51697,55473,57919,67269,68957,72458,60537,63163
 "11001","District of Columbia, DC",2,CAINC6N,806,"486","    Pipeline transportation ","Thousands of dollars",16308,5112,3497,(D),(D),(D),(D),(D),(D),(D),(D),(D),(D),(D),(D),(D),(D),(D),(D),(D),(D)
 "11001","District of Columbia, DC",2,CAINC6N,807,"487","    Scenic and sightseeing transportation ","Thousands of dollars",700,2720,(D),(D),3656,(D),3042,9303,10453,12529,11283,6742,9613,12390,21787,22032,26472,28047,28290,10140,10321
 "11001","District of Columbia, DC",2,CAINC6N,808,"488","    Support activities for transportation ","Thousands of dollars",23438,11231,13203,11075,7181,6975,6839,7034,6226,5153,6081,7622,15114,19391,16845,17338,25309,25880,30935,32814,41074
 "11001","District of Columbia, DC",2,CAINC6N,809,"492","    Couriers and messengers ","Thousands of dollars",(D),(D),(D),(D),(D),(D),(D),(D),(D),(D),(D),(D),(D),(D),(D),(D),(D),51497,(D),44937,54124
 "11001","District of Columbia, DC",2,CAINC6N,811,"493","    Warehousing and storage ","Thousands of dollars",18711,(D),(D),(D),(D),(D),(D),(D),(D),(D),(D),743,(D),(D),(D),(D),(D),(D),2380,(D),(D)
 "11001","District of Columbia, DC",2,CAINC6N,900,"51","   Information ","Thousands of dollars",(D),2320445,2421090,2502667,2506298,2474040,2602286,2559610,2402704,2323548,2425508,2321192,2430465,2465508,2446609,2488160,2686843,2958422,3199893,3737717,4320868
 "11001","District of Columbia, DC",2,CAINC6N,901,"511","    Publishing industries (except Internet) ","Thousands of dollars",858588,848233,891756,884844,864694,864434,909104,826115,756476,685957,753854,757711,731253,712581,668625,694028,813974,870302,942427,1205349,1503782
 "11001","District of Columbia, DC",2,CAINC6N,902,"512","    Motion picture and sound recording industries ","Thousands of dollars",103539,(D),129310,121400,102510,90481,96733,96144,90578,97714,98807,102788,91928,91663,97453,86777,72919,79360,88106,84864,93702
 "11001","District of Columbia, DC",2,CAINC6N,903,"515","    Broadcasting (except Internet) ","Thousands of dollars",520255,529447,522292,581749,639955,608949,661791,693483,635027,603889,623079,638072,661111,709760,742465,746316,784234,869506,885924,913782,929032
 "11001","District of Columbia, DC",2,CAINC6N,904,"516","    Internet publishing and broadcasting 4/","Thousands of dollars",(D),(D),7251,13672,16593,27925,(NA),(NA),(NA),(NA),(NA),(NA),(NA),(NA),(NA),(NA),(NA),(NA),(NA),(NA),(NA)
 "11001","District of Columbia, DC",2,CAINC6N,905,"517","    Telecommunications ","Thousands of dollars",371930,393768,407071,367581,378075,328368,529177,501628,525031,511337,491458,353022,446811,395741,334544,320703,313531,306311,329512,370329,398192
 "11001","District of Columbia, DC",2,CAINC6N,906,"518","    Data processing, hosting, and related services ","Thousands of dollars",240308,243438,249648,305524,274837,310058,83988,92926,92670,94243,90585,55112,55207,59864,62487,73423,72351,129969,169778,263961,301434
 "11001","District of Columbia, DC",2,CAINC6N,907,"519","    Other information services 4/","Thousands of dollars",219021,196797,213762,227897,229634,243825,321493,349314,302922,330408,367725,414487,444155,495899,541035,566913,629834,702974,784146,899432,1094726
 "11001","District of Columbia, DC",2,CAINC6N,1000,"52","   Finance and insurance ","Thousands of dollars",2088326,1956873,2005165,2191863,2181244,2421005,2642012,2450086,2057234,2266015,2431977,2479695,2547554,2745351,2919267,2961931,3140306,3296599,3346611,3358511,3643495
 "11001","District of Columbia, DC",2,CAINC6N,1001,"521","    Monetary Authorities-central bank ","Thousands of dollars",(D),(D),(D),(D),(D),(D),(D),(D),(D),(D),(D),0,(D),0,0,(D),(D),8560,8420,7458,10424
 "11001","District of Columbia, DC",2,CAINC6N,1002,"522","    Credit intermediation and related activities ","Thousands of dollars",900083,903646,956602,1092402,988707,1146414,1313555,1114086,889082,930497,947503,965662,1000066,1062239,1153571,1207930,1257228,1299477,1333761,1386278,1351213
 "11001","District of Columbia, DC",2,CAINC6N,1003,"523","    Securities, commodity contracts, and other financial investments and related activities ","Thousands of dollars",794082,664417,648876,690541,801620,841359,899552,921755,772200,884432,955938,947917,958039,1050367,1050702,1093365,1186645,1221120,1221433,1178131,1369513
 "11001","District of Columbia, DC",2,CAINC6N,1004,"524","    Insurance carriers and related activities ","Thousands of dollars",384270,374188,385144,393193,378310,411573,426058,412433,394110,449602,528383,565442,587181,629474,709615,652840,682086,753006,764837,762002,869762
 "11001","District of Columbia, DC",2,CAINC6N,1005,"525","    Funds, trusts, and other financial vehicles ","Thousands of dollars",(D),(D),(D),(D),(D),(D),(D),(D),(D),(D),(D),674,(D),3271,5379,(D),(D),14436,18160,24642,42583
 "11001","District of Columbia, DC",2,CAINC6N,1100,"53","   Real estate and rental and leasing ","Thousands of dollars",553707,568815,597443,674163,712052,804197,856969,822726,778094,829699,891102,970620,996619,1267469,1307500,1346831,1483730,1545459,1646065,1630839,1638261
 "11001","District of Columbia, DC",2,CAINC6N,1101,"531","    Real estate ","Thousands of dollars",517169,532317,557160,629576,(D),754071,806451,773414,731050,783722,850844,925886,952655,1220596,1264186,1304452,1440185,1498539,1591514,1591697,1600952
 "11001","District of Columbia, DC",2,CAINC6N,1102,"532","    Rental and leasing services ","Thousands of dollars",(D),(D),(D),(D),(D),(D),(D),(D),(D),(D),(D),(D),(D),(D),(D),42037,(D),45663,52906,37306,36397
 "11001","District of Columbia, DC",2,CAINC6N,1103,"533","    Lessors of nonfinancial intangible assets (except copyrighted works) ","Thousands of dollars",(D),(D),(D),(D),0,(D),(D),(D),(D),(D),(D),(D),(D),(D),(D),342,(D),1257,1645,1836,912
 "11001","District of Columbia, DC",2,CAINC6N,1200,"54","   Professional, scientific, and technical services ","Thousands of dollars",8703505,9072827,9431816,10255297,11136677,12107279,12966483,13652746,13323514,13677355,14406447,15060409,15262552,15936365,16697634,17407772,18271541,19392602,20279119,21233977,22521351
 "11001","District of Columbia, DC",2,CAINC6N,1300,"55","   Management of companies and enterprises ","Thousands of dollars",371228,346650,254971,251214,282681,331480,425825,380487,392436,497877,465908,528319,505110,561873,703073,607459,671827,727447,773382,889685,883778
 "11001","District of Columbia, DC",2,CAINC6N,1400,"56","   Administrative and support and waste management and remediation services ","Thousands of dollars",1429914,1454090,1557965,1644360,1822911,1952661,2113927,2211121,2116576,2197350,2481639,2526009,2608515,2717547,2869009,2833189,2934917,2935052,3067678,3017769,3200472
 "11001","District of Columbia, DC",2,CAINC6N,1401,"561","    Administrative and support services ","Thousands of dollars",1415067,1433733,1533931,1627166,1803503,1932650,2096872,2192077,2099413,2177035,2453057,2505843,2589343,2695450,2848829,2805670,2902471,2903571,3033588,2979021,3156293
 "11001","District of Columbia, DC",2,CAINC6N,1402,"562","    Waste management and remediation services ","Thousands of dollars",14847,20357,24034,17194,19408,20011,17055,19044,17163,20315,28582,20166,19172,22097,20180,27519,32446,31481,34090,38748,44179
 "11001","District of Columbia, DC",2,CAINC6N,1500,"61","   Educational services ","Thousands of dollars",1555751,1748855,1937475,2107066,2127514,2234279,2346343,2504650,2695323,2748202,2888143,2964794,3251505,3460557,3529285,3699124,3654299,3807580,3923592,3967812,3885275
 "11001","District of Columbia, DC",2,CAINC6N,1600,"62","   Health care and social assistance ","Thousands of dollars",2501271,2694652,2848463,3032645,3125350,3259910,3530635,3708783,3877693,4202514,4372943,4418460,4529265,4795747,4998895,5183859,5339324,5577401,5758767,5993600,6221158
 "11001","District of Columbia, DC",2,CAINC6N,1601,"621","    Ambulatory health care services ","Thousands of dollars",717497,758405,771406,791946,818541,848304,952519,997242,1042615,1120040,1217220,1216833,1126151,1220539,1316831,1448543,1516341,1632189,1699728,1740617,2140252
 "11001","District of Columbia, DC",2,CAINC6N,1602,"622","    Hospitals ","Thousands of dollars",1233627,1317874,1383853,1462437,1525203,1625496,1737790,1856625,1951929,2122690,2188589,2230666,2387540,2521779,2631881,2683723,2752507,2789391,2842435,2926492,2713238
 "11001","District of Columbia, DC",2,CAINC6N,1603,"623","    Nursing and residential care facilities ","Thousands of dollars",208433,228539,254257,267382,266817,258804,263967,273253,300334,340213,333784,357900,354126,368288,346996,334910,351067,370684,382419,433032,435518
 "11001","District of Columbia, DC",2,CAINC6N,1604,"624","    Social assistance ","Thousands of dollars",341714,389834,438947,510880,514789,527306,576359,581663,582815,619571,633350,613061,661448,685141,703187,716683,719409,785137,834185,893459,932150
 "11001","District of Columbia, DC",2,CAINC6N,1700,"71","   Arts, entertainment, and recreation ","Thousands of dollars",321350,314842,316109,295962,379796,403758,402339,499321,518039,525173,458716,425224,452180,511256,727428,745040,904012,984015,1005962,665532,805926
 "11001","District of Columbia, DC",2,CAINC6N,1701,"711","    Performing arts, spectator sports, and related industries ","Thousands of dollars",247505,233239,233042,210206,289942,310896,310678,373733,393072,402518,338651,299778,333787,383747,594012,601903,716626,776620,776978,485301,615707
 "11001","District of Columbia, DC",2,CAINC6N,1702,"712","    Museums, historical sites, and similar institutions ","Thousands of dollars",21202,24371,29077,30994,32873,32069,35401,56560,54266,53756,51788,52605,48938,49750,48963,51518,84869,96030,102981,91012,89802
 "11001","District of Columbia, DC",2,CAINC6N,1703,"713","    Amusement, gambling, and recreation industries ","Thousands of dollars",52643,57232,53990,54762,56981,60793,56260,69028,70701,68899,68277,72841,69455,77759,84453,91619,102517,111365,126003,89219,100417
 "11001","District of Columbia, DC",2,CAINC6N,1800,"72","   Accommodation and food services ","Thousands of dollars",(D),1264394,1364194,1501580,1616662,1661304,1753170,1832169,1820253,1929956,2049288,2162907,2309266,2488288,2692353,2810768,2933406,3139390,3343789,1832841,2205364
 "11001","District of Columbia, DC",2,CAINC6N,1801,"721","    Accommodation ","Thousands of dollars",(D),575057,614199,683116,723503,741305,768450,800843,768237,822314,850435,865204,886540,932005,970609,982015,1018739,1053738,1130546,545127,545585
 "11001","District of Columbia, DC",2,CAINC6N,1802,"722","    Food services and drinking places ","Thousands of dollars",669120,689337,749995,818464,893159,919999,984720,1031326,1052016,1107642,1198853,1297703,1422726,1556283,1721744,1828753,1914667,2085652,2213243,1287714,1659779
 "11001","District of Columbia, DC",2,CAINC6N,1900,"81","   Other services (except government and government enterprises) ","Thousands of dollars",3664976,3967221,4063202,4412776,4628607,4829754,5247994,5715345,5775756,5824817,6152712,6369962,6610545,6910086,7263117,7567214,7811844,8351333,8640854,8943155,8962024
 "11001","District of Columbia, DC",2,CAINC6N,1901,"811","    Repair and maintenance ","Thousands of dollars",(D),(D),30008,36233,41867,39815,40805,33050,29520,28316,29135,31236,29285,27951,30962,37775,45184,43959,45165,52797,45701
 "11001","District of Columbia, DC",2,CAINC6N,1902,"812","    Personal and laundry services ","Thousands of dollars",192204,199853,220689,242701,244447,252210,262531,262391,263105,278836,288942,298675,293632,311917,336057,363407,388891,406687,411011,287629,314794
 "11001","District of Columbia, DC",2,CAINC6N,1903,"813","    Religious, grantmaking, civic, professional, and similar organizations ","Thousands of dollars",3351085,3653036,3725617,4047059,4260350,4456414,4862187,5340363,5417919,5460458,5772258,5982639,6226110,6498706,6821780,7095462,7312716,7824131,8104664,8524475,8527096
 "11001","District of Columbia, DC",2,CAINC6N,1904,"814","    Private households ","Thousands of dollars",(D),(D),86888,86783,81943,81315,82471,79541,65212,57207,62377,57412,61518,71512,74318,70570,65053,76556,80014,78254,74433
 "11001","District of Columbia, DC",2,CAINC6N,2000,"...","  Government and government enterprises ","Thousands of dollars",19229764,21131352,22521537,24056503,25776079,26274539,26999695,28563450,30570670,33081690,33848309,33557116,33520683,34428349,35218858,36855299,37817879,39596884,39800954,41437839,42998170
 "11001","District of Columbia, DC",2,CAINC6N,2001,"...","   Federal civilian ","Thousands of dollars",15661971,17281253,18484744,19832435,21012674,21699583,22317152,23587920,25410081,27719067,28610087,28508445,28371283,29190504,29838945,31225432,31942504,33244879,33507520,34592726,35945502
 "11001","District of Columbia, DC",2,CAINC6N,2002,"...","   Military ","Thousands of dollars",1130683,1284562,1466854,1585114,1703219,1704668,1712798,1780072,1835610,1907742,1780405,1460953,1425384,1399528,1372736,1411918,1470218,1430063,1440576,1513475,1690525
 "11001","District of Columbia, DC",2,CAINC6N,2010,"...","   State and local ","Thousands of dollars",2437110,2565537,2569939,2638954,3060186,2870288,2969745,3195458,3324979,3454881,3457817,3587718,3724016,3838317,4007177,4217949,4405157,4921942,4852858,5331638,5362143
 "11001","District of Columbia, DC",2,CAINC6N,2011,"...","    State government ","Thousands of dollars",0,0,0,0,0,0,0,0,0,0,0,0,0,0,0,0,0,0,0,0,0
 "11001","District of Columbia, DC",2,CAINC6N,2012,"...","    Local government ","Thousands of dollars",2437110,2565537,2569939,2638954,3060186,2870288,2969745,3195458,3324979,3454881,3457817,3587718,3724016,3838317,4007177,4217949,4405157,4921942,4852858,5331638,5362143
"Note: See the included footnote file."
"CAINC6N: Compensation of employees by NAICS industry "
"Last updated: November 16, 2022-- new statistics for 2021; revised statistics for 2017-2020."
"U.S. Bureau of Economic Analysis"
