<TABLE_DEFINITIONS Table="CAINC35" Name="Personal Current Transfer Receipts" Source="USDOC/BEA/RD"><LINE><Code>1000</Code><Description>Personal current transfer receipts (thousands of dollars)</Description><Definition>Receipts of persons from government and business for which no current services are performed. Current transfer receipts from government include Social Security benefits, medical benefits, veterans' benefits, and unemployment insurance benefits. Current transfer receipts from business include liability payments for personal injury and corporate gifts to nonprofit institutions.</Definition></LINE><LINE><Code>2000</Code><Description>Current transfer receipts of individuals from governments</Description><Definition>Current transfer receipts of individuals from governments consist of: Retirement and disability insurance benefits, medical benefits, income maintenance benefits, unemployment insurance compensation, veterans' benefits, education and training assistance, and other transfer receipts of individuals from governments.</Definition></LINE><LINE><Code>2100</Code><Description>Retirement and disability insurance benefits</Description><Definition>Retirement and Disability Insurance Benefits consist of old-age, survivors, and disability (OASDI) benefits; railroad retirement and disability benefits; Federal and state workers' compensation; temporary disability benefits; black lung benefits; and Pension Benefit Guaranty benefits.</Definition></LINE><LINE><Code>2110</Code><Description>Social Security benefits</Description><Definition>These benefits (old-age, survivors, and disability insurance benefits) consist mainly of monthly benefits received by retired and disabled workers, dependents, and survivors and lump-sum payments received by survivors.  The state estimates are based on annual tabulations of payments from the Social Security Administration (SSA). The county estimates are based on SSA tabulations of the amount of monthly benefits paid to those in current-payment status on December 31 by county of residence of the beneficiaries.</Definition></LINE><LINE><Code>2120</Code><Description>Excluding Social Security benefits</Description><Definition>These are Retirement and disability insurance benefits excluding Social Security benefits.</Definition></LINE><LINE><Code>2200</Code><Description>Medical benefits</Description><Definition>Medical benefits include:Medicare benefits-- These benefits are Federal Government payments made through intermediaries to beneficiaries for the care provided to individuals under the Medicare program. Public assistance medical care-- These medical benefits are received by low-income individuals. These payments consist mainly of the payments made through intermediaries to the vendors for care provided to individuals under the federally assisted, state-administered Medicaid program and Children's Health Insurance Program (CHIP) and under the general assistance medical programs of state and local governments. Military medical insurance benefits-- These benefits are vendor payments made under the TriCare Management Program, formerly called the Civilian Health and Medical Plan of the Uniformed Services program, for the medical care of dependents of active duty military personnel and of retired military personnel and their dependents at nonmilitary medical facilities.</Definition></LINE><LINE><Code>2210</Code><Description>Medicare benefits</Description><Definition>These benefits are federal government payments made through intermediaries to beneficiaries for the care provided to individuals under the provisions of the Medicare program.</Definition></LINE><LINE><Code>2220</Code><Description>Public assistance medical care benefits</Description><Definition>Public assistance medical care benefits consists of Medicaid, beginning in 1966, and other medical vendor payments.</Definition></LINE><LINE><Code>2230</Code><Description>Military medical insurance benefits</Description><Definition>Military medical insurance benefits are vendor payments made under the TriCare Management Program, formerly called the Civilian Health and Medical Plan of the Uniformed Services program (CHAMPUS), for the medical care of dependents of active duty military personnel and of retired military personnel and their dependents at nonmilitary medical facilities.</Definition></LINE><LINE><Code>2300</Code><Description>Income maintenance benefits</Description><Definition>Income maintenance benefits consists largely of Supplemental Security Income (SSI) benefits, Earned Income Tax Credit (EITC), Additional Child Tax Credit, Supplemental Nutrition Assistance Program (SNAP) benefits, family assistance, and other income maintenance benefits, including general assistance.</Definition></LINE><LINE><Code>2310</Code><Description>Supplemental Security Income (SSI) benefits</Description><Definition>These benefits are received by low-income persons who are aged, blind, or disabled from both the federal government and state governments. The state estimates are based on Social Security Administration (SSA) tabulations of annual disbursements for two categories of SSI benefits: Basic federal payments and supplemental state payments. Both of these estimates are based on data that are published in the "Annual Statistical Supplement" to the Social Security Bulletin. The county estimates of the combined categories are based on payments data from the SSA.</Definition></LINE><LINE><Code>2320</Code><Description>Earned Income Tax Credit (EITC)</Description><Definition>These are federal income tax credits for low-income workers, mainly those who have minor children. Eligibility for the tax credits is determined by the size of adjusted gross income, or earned income, and by certain household characteristics.</Definition></LINE><LINE><Code>2330</Code><Description>Supplemental Nutrition Assistance Program (SNAP)</Description><Definition>These benefits, under the Supplemental Nutritional Assistance Program (SNAP) (formerly called food stamps), are issued to qualifying low-income individuals in order to supplement their ability to purchase food. Eligibility is determined by each state's interpretation of federal regulations; the U.S. Department of Agriculture (USDA) pays the cost of the benefits.  The state estimates are based on tabulations of the value of the distributed benefits from the Department of Agriculture. The state estimates are allocated to counties based on payments data from the various state departments of social services. When payment data are not available, data on the number of SNAP recipients from Census Bureau's Small Area Income and Poverty Estimates program are used to extrapolate or interpolate.</Definition></LINE><LINE><Code>2340</Code><Description>Other income maintenance benefits</Description><Definition>Other income maintenance benefits consists largely of general assistance; expenditures for food under the Special Supplemental Nutrition Program for Women, Infants, and Children (WIC); Other Needs Assistance; refugee assistance; foster home care and adoption assistance; the 2008 Economic Stimulus Act Rebates; family assistance; Child Tax Credits; ARRA funded tax credits; other tax credits; and energy assistance.</Definition></LINE><LINE><Code>2400</Code><Description>Unemployment insurance compensation</Description><Definition>Unemployment insurance compensation is made up of the following:  State unemployment compensation are benefits consisting mainly of the payments received by individuals under state-administered unemployment insurance (UI) programs, but they include the special benefits authorized by federal legislation for periods of high unemployment. The provisions that govern the eligibility, timing, and amount of benefit payments vary among the states, but the provisions that govern the coverage and financing are uniform nationally.  Unemployment compensation of Federal civilian employees are benefits which are received by former federal civilian employees under a federal program administered by the state employment security agencies acting as agents for the U.S. Government.  Unemployment compensation of railroad employees are benefits which are received by railroad workers who are unemployed because of sickness or because work is unavailable in the railroad industry and in related industries, such as carrier affiliates. This UI program is administered by the Railroad Retirement Board (RRB) under a federal formula that is applicable throughout the Nation.  Unemployment compensation of veterans are benefits which are received by unemployed veterans who have recently separated from military service and who are not eligible for military retirement benefits.Trade adjustment assistance are benefits received by workers who are unemployed because of the adverse economic effects of international trade arrangements.</Definition></LINE><LINE><Code>2410</Code><Description>State unemployment insurance compensation</Description><Definition>State Unemployment Insurance Compensation consists mainly of payments received by individuals under state-administered unemployment insurance (UI) programs, but includes the special benefits authorized by Federal legislation for periods of high unemployment. The provisions that govern the eligibility, timing, and amount of the benefits vary among the states, but the provisions that govern coverage and financing are uniform nationally.</Definition></LINE><LINE><Code>2420</Code><Description>Excluding state unemployment insurance compensation</Description><Definition>These are unemployment insurance compensation excluding state unemployment insurance compensation.</Definition></LINE><LINE><Code>2500</Code><Description>Veterans' benefits</Description><Definition>veterans' benefits include veterans' pension and disability benefits, veterans' readjustment benefits, veterans' life insurance benefits, and other assistance to veterans.</Definition></LINE><LINE><Code>2600</Code><Description>Education and training assistance</Description><Definition>Education and training assistance consists of the following:  Federal fellowships- These benefits consist of the payments to outstanding science students who receive National Science Foundation (NSF) grants, the subsistence payments to the cadets at the six state maritime academies, and the payments for all other Federal fellowships.  Higher education student assistance- These benefits consist of the Federal payments, called Pell Grants, for an undergraduate education for students with low incomes.  Job Corps payments- these benefits are primarily the allowances for living expenses received by economically disadvantaged individuals who are between the ages of 16 and 21 and who are enrolled in the designated vocational and educational training programs. These benefits also include the adjustment allowances received by trainees upon the successful completion of their training.  Interest payments on guaranteed student loans- these payments are made by the Department of Education to commercial lending institutions on behalf of the individuals who receive low-interest, deferred-payment loans from these institutions in order to pay the expenses of higher education.State educational assistance-These benefits consist of educational assistance provided by states to individuals for tuition and other educational expenses not including loans. The national and state estimates are based on data for state government expenditures for "other education assistance and subsidies" from the Census Bureau's annual State Government Finances.</Definition></LINE><LINE><Code>2700</Code><Description>Other transfer receipts of individuals from governments</Description><Definition>Other transfer receipts of individuals from governments consists largely of other refundable tax credits; Bureau of Indian Affairs payments; Alaska Permanent Fund dividend payments; compensation of survivors of public safety officers; compensation of victims of crime; disaster relief payments; supplemental payments to UMW health benefits; compensation for Japanese internment; the American Recovery and Reinvestment Act of 2009 funded Federal Additional Compensation for unemployment, COBRA premium reduction; Economic Recovery lump sum payment; ACA cost sharing reduction; Lost Wages Assistance; and other special payments to individuals.</Definition></LINE><LINE><Code>3000</Code><Description>Current transfer receipts of nonprofit institutions</Description><Definition>These payments consist of the payments made by the Federal Government, state governments, local governments, and businesses to nonprofit organizations that serve individuals. These payments exclude Federal Government payments for work under research and development contracts.</Definition></LINE><LINE><Code>4000</Code><Description>Current transfer receipts of individuals from businesses</Description><Definition>Current transfer receipts of individuals from businesses consist mostly of personal injury liability payments to individuals other than employees.</Definition></LINE><LINE><Code>5000</Code><Description>Refundable tax credits</Description><Definition>Income tax credits are considered "refundable" if the amount of the credit that exceeds a taxpayer's tax liabilities is paid to them as a refund. Estimates of refundable tax credits include the amounts by which federal refundable tax credits reduce personal current tax liabilities and liabilities to pay contributions for government social insurance as well as the outlays that are distributed when the amount of federal refundable tax credits exceeds an individual's federal tax liabilities.</Definition></LINE></TABLE_DEFINITIONS>
