GeoFIPS,GeoName,Region,TableName,LineCode,IndustryClassification,Description,Unit,2001,2002,2003,2004,2005,2006,2007,2008,2009,2010,2011,2012,2013,2014,2015,2016,2017,2018,2019,2020,2021
 "15000","Hawaii",8,CAGDP9,1,"...","All industry total ","Thousands of chained 2012 dollars",55678452,56990820,59978771,63318118,67123864,68759328,70080384,70460821,67927511,69628097,70646613,71905294,73063236,73512394,75869463,77303858,78947441,79845299,79213374,70109401,74547216
 "15000","Hawaii",8,CAGDP9,2,"..."," Private industries ","Thousands of chained 2012 dollars",42904804,43733093,46267271,49103453,52543188,53876359,55107856,55030942,52464548,54014444,54635143,55798289,57246619,57468195,59834502,60942424,62698401,64086508,63584639,54598761,58860521
 "15000","Hawaii",8,CAGDP9,3,"11","  Agriculture, forestry, fishing and hunting ","Thousands of chained 2012 dollars",547316,639738,622289,550254,646950,702147,510454,517881,709656,638766,568881,532936,499606,488988,593142,602938,621683,565610,507942,463400,335783
 "15000","Hawaii",8,CAGDP9,6,"21","  Mining, quarrying, and oil and gas extraction ","Thousands of chained 2012 dollars",123319,101890,109830,100684,79490,103032,137185,125812,124162,94326,68803,70391,68907,68464,74587,81459,68256,84244,76356,79875,90557
 "15000","Hawaii",8,CAGDP9,10,"22","  Utilities ","Thousands of chained 2012 dollars",1063691,1034040,1080421,1196234,1169528,1292785,1325877,1508830,1308689,1616507,1895175,2048313,1983323,1860702,1659045,1668405,1667456,1653517,1595351,1564826,1468185
 "15000","Hawaii",8,CAGDP9,11,"23","  Construction ","Thousands of chained 2012 dollars",3256037,3399606,3772122,4041944,4620483,4646156,4941807,4806153,4277629,3846095,3642911,3649052,3546490,3533693,3926899,4233224,4080887,3938371,3971072,3796292,3709253
 "15000","Hawaii",8,CAGDP9,12,"31-33","  Manufacturing ","Thousands of chained 2012 dollars",1507293,1632487,1720787,1631852,1562354,1551200,1543567,1773919,1757418,1540442,1450299,1432587,1595278,1727434,1729660,1824121,1783453,1782495,1565372,1433772,1551146
 "15000","Hawaii",8,CAGDP9,13,"321,327-339","   Durable goods manufacturing ","Thousands of chained 2012 dollars",259720,257958,250188,255120,310876,328622,359415,371198,335818,331654,363527,327188,357402,334019,328216,366730,395954,397506,400920,352723,399362
 "15000","Hawaii",8,CAGDP9,25,"311-316,322-326","   Nondurable goods manufacturing ","Thousands of chained 2012 dollars",1275967,1422265,1536283,1427930,1268482,1231586,1181099,1412885,1443949,1215056,1085960,1105399,1238144,1398640,1407601,1458002,1375445,1372710,1141775,1065307,1129775
 "15000","Hawaii",8,CAGDP9,34,"42","  Wholesale trade ","Thousands of chained 2012 dollars",2110417,2195389,2350858,2386511,2453205,2399201,2477497,2511579,2209201,2269820,2303836,2337622,2407589,2469354,2603827,2581596,2643991,2587126,2592454,2422748,2547500
 "15000","Hawaii",8,CAGDP9,35,"44-45","  Retail trade ","Thousands of chained 2012 dollars",4102466,4203142,4644645,4913614,5166037,5193834,5063471,4856104,4588666,4740908,4986327,5105421,5196313,5194321,5321847,5343268,5610765,5883062,5953239,4990005,4907845
 "15000","Hawaii",8,CAGDP9,36,"48-49","  Transportation and warehousing ","Thousands of chained 2012 dollars",2027215,1971427,2158585,2579814,3018252,3310457,3292920,3001311,2995953,3394787,3312327,3409968,3537821,3501035,3662633,3911023,4226200,4227164,4498387,2590779,3024650
 "15000","Hawaii",8,CAGDP9,45,"51","  Information ","Thousands of chained 2012 dollars",1003809,1103187,1081540,1334845,1435950,1609211,1773809,1720100,1716779,1927341,1596009,1543996,1703417,1672770,1907616,1972137,2160593,2446384,2239601,2055928,2530436
 "15000","Hawaii",8,CAGDP9,50,"52, 53","  Finance, insurance, real estate, rental, and leasing ","Thousands of chained 2012 dollars",10605107,10209516,10645467,11076666,12647523,12701522,13872005,14155272,13995782,14606053,14706336,14948844,15357807,15461813,16320046,16408367,16566629,16573928,16056884,15437170,16096093
 "15000","Hawaii",8,CAGDP9,51,"52","   Finance and insurance ","Thousands of chained 2012 dollars",1970115,2134136,2075783,2211516,2294984,2243960,2288603,2247761,2381479,2271813,2531368,2520021,2218552,2463054,2595376,2521698,2590965,2654984,2718516,2776058,3099407
 "15000","Hawaii",8,CAGDP9,56,"53","   Real estate and rental and leasing ","Thousands of chained 2012 dollars",8610941,8046317,8545476,8836578,10335331,10444740,11582030,11910794,11620949,12330326,12175409,12428823,13142116,12994770,13720638,13886775,13973085,13910833,13315379,12624098,12942158
 "15000","Hawaii",8,CAGDP9,59,"54, 55, 56","  Professional and business services ","Thousands of chained 2012 dollars",4583929,5056213,5411952,5644348,5650482,5854250,5901803,6140481,5822568,6070594,6324942,6515978,6681758,6858742,6937967,7026032,7299621,7516422,7155351,6565688,7116494
 "15000","Hawaii",8,CAGDP9,60,"54","   Professional, scientific, and technical services ","Thousands of chained 2012 dollars",2276896,2523873,2619142,2681564,2810151,2952468,3029804,3229062,3080996,3070772,3167739,3190444,3173665,3234264,3281580,3310743,3452580,3537707,3549114,3340411,3716197
 "15000","Hawaii",8,CAGDP9,64,"55","   Management of companies and enterprises ","Thousands of chained 2012 dollars",825126,957310,999665,1128548,965395,898228,834437,809858,737874,762358,801808,887049,976762,1007501,1020743,1066653,1113115,1171821,1256787,1171791,1236107
 "15000","Hawaii",8,CAGDP9,65,"56","   Administrative and support and waste management and remediation services ","Thousands of chained 2012 dollars",1499427,1609865,1816287,1875521,1894054,2011174,2041531,2105180,2006780,2237839,2355528,2438485,2531550,2617158,2636095,2651182,2737700,2813194,2387313,2097038,2211016
 "15000","Hawaii",8,CAGDP9,68,"61, 62","  Educational services, health care, and social assistance ","Thousands of chained 2012 dollars",4220582,4264924,4484541,4693476,4847414,4968979,4987651,5336051,5487667,5490077,5591849,5638665,5747029,5838164,6056636,6220103,6400524,6600568,6810633,6686045,6895911
 "15000","Hawaii",8,CAGDP9,69,"61","   Educational services ","Thousands of chained 2012 dollars",721373,703659,765065,803810,794521,802743,808928,873100,923657,930242,927126,932872,897323,873613,834810,857820,846790,855423,858896,753309,812588
 "15000","Hawaii",8,CAGDP9,70,"62","   Health care and social assistance ","Thousands of chained 2012 dollars",3502014,3560426,3721902,3892556,4052598,4165123,4177788,4462316,4564292,4560315,4664740,4705793,4850250,4966231,5226782,5367346,5561188,5754150,5962956,5951324,6099434
 "15000","Hawaii",8,CAGDP9,75,"71, 72","  Arts, entertainment, recreation, accommodation, and food services ","Thousands of chained 2012 dollars",6222573,6422740,6795324,7422694,7567265,7781080,7446599,6821037,5922699,6141075,6530144,6916103,7286964,7142997,7399756,7402364,7896663,8545818,8753845,5115712,7153188
 "15000","Hawaii",8,CAGDP9,76,"71","   Arts, entertainment, and recreation ","Thousands of chained 2012 dollars",701873,720680,732432,725712,709212,700449,750750,812945,807055,747186,723927,767157,884284,913094,876309,820838,911501,970320,1017830,571092,795201
 "15000","Hawaii",8,CAGDP9,79,"72","   Accommodation and food services ","Thousands of chained 2012 dollars",5515618,5696882,6058445,6695784,6858106,7081504,6695257,6006966,5114196,5393182,5806219,6148947,6403138,6231137,6523180,6579884,6984550,7574108,7735920,4544218,6357456
 "15000","Hawaii",8,CAGDP9,82,"81","  Other services (except government and government enterprises) ","Thousands of chained 2012 dollars",1852635,1894432,1837098,1841039,1886124,1948692,1887051,1821573,1669719,1660675,1658637,1648413,1640235,1672572,1680661,1691060,1714708,1768459,1777242,1493918,1592523
 "15000","Hawaii",8,CAGDP9,83,"...","Government and government enterprises ","Thousands of chained 2012 dollars",12800547,13305162,13741863,14230855,14572884,14872671,14954960,15421766,15463587,15614407,16010440,16107005,15817423,16044310,16039135,16365583,16253446,15765834,15635746,15493719,15684410
 "15000","Hawaii",8,CAGDP9,87,"11, 21","Natural resources and mining ","Thousands of chained 2012 dollars",664145,752156,737989,654634,742169,821029,655366,652566,840633,735111,637552,603327,568362,557216,667759,684697,688357,652386,586733,547983,433765
 "15000","Hawaii",8,CAGDP9,88,"42, 44-45","Trade ","Thousands of chained 2012 dollars",6206467,6389642,6991114,7302199,7624543,7601488,7543129,7364036,6797820,7010718,7290183,7443043,7603970,7664025,7926295,7925275,8253890,8462121,8535979,7416383,7460455
 "15000","Hawaii",8,CAGDP9,89,"22, 48-49","Transportation and utilities ","Thousands of chained 2012 dollars",3053658,2969220,3204571,3741711,4155402,4568010,4585489,4492760,4271475,4986533,5204622,5458280,5520641,5359385,5317762,5579219,5899944,5887369,6105093,4162008,4477803
 "15000","Hawaii",8,CAGDP9,90,"31-33, 51","Manufacturing and information ","Thousands of chained 2012 dollars",2367933,2585629,2619432,2877989,2946561,3138953,3320222,3455965,3438223,3483295,3046806,2976583,3298601,3398026,3635859,3794162,3944655,4220012,3793565,3479280,4053514
 "15000","Hawaii",8,CAGDP9,91,"...","Private goods-producing industries 2/","Thousands of chained 2012 dollars",5432430,5782315,6243996,6364075,6987882,7065714,7244054,7296310,6862118,6117775,5730680,5684966,5705519,5805996,6318754,6751240,6548725,6364690,6175510,5846040,5762939
 "15000","Hawaii",8,CAGDP9,92,"...","Private services-providing industries 3/","Thousands of chained 2012 dollars",37489583,38024653,40128962,42803430,45648488,46897252,47953481,47826779,45684084,47913259,48905507,50113324,51540932,51661904,53515265,54196583,56148553,57723704,57413184,48746782,53111052
 "15001","Hawaii, HI",8,CAGDP9,1,"...","All industry total ","Thousands of chained 2012 dollars",5081925,5231271,5615140,6046736,6731302,6837005,6878451,6900804,6312979,6597278,6415201,6636595,6674708,6728537,7076094,7254498,7672561,7740955,7804436,7044128,7458530
 "15001","Hawaii, HI",8,CAGDP9,2,"..."," Private industries ","Thousands of chained 2012 dollars",4217491,4328971,4668791,5067235,5711849,5797380,5835493,5819859,5247487,5547557,5354049,5567805,5592608,5617591,5963535,6088531,6506710,6537540,6567737,5827111,6262916
 "15001","Hawaii, HI",8,CAGDP9,3,"11","  Agriculture, forestry, fishing and hunting ","Thousands of chained 2012 dollars",(D),(D),(D),(D),230259,178685,79829,(D),195926,179194,217670,266257,237539,255271,362006,(D),(D),312105,(D),209086,116206
 "15001","Hawaii, HI",8,CAGDP9,6,"21","  Mining, quarrying, and oil and gas extraction ","Thousands of chained 2012 dollars",10741,8395,5417,4280,2668,3365,5019,7039,8430,6969,4588,4706,6511,5904,5390,468,385,302,(D),0,0
 "15001","Hawaii, HI",8,CAGDP9,10,"22","  Utilities ","Thousands of chained 2012 dollars",116950,116884,125830,138672,140766,159857,161710,184121,159900,190767,223102,244516,238096,221362,199167,205587,207502,208736,199288,195004,167841
 "15001","Hawaii, HI",8,CAGDP9,11,"23","  Construction ","Thousands of chained 2012 dollars",461630,(D),(D),(D),(D),(D),(D),(D),(D),(D),(D),(D),(D),338390,375445,450551,(D),(D),(D),(D),380456
 "15001","Hawaii, HI",8,CAGDP9,12,"31-33","  Manufacturing ","Thousands of chained 2012 dollars",(D),79788,83278,73394,(D),(D),(D),96669,(D),(D),(D),(D),(D),86086,76254,(D),80312,(D),(D),(D),99822
 "15001","Hawaii, HI",8,CAGDP9,13,"321,327-339","   Durable goods manufacturing ","Thousands of chained 2012 dollars",(D),23132,22223,21701,(D),(D),(D),32200,(D),(D),(D),(D),(D),18396,20134,(D),29023,(D),(D),(D),30671
 "15001","Hawaii, HI",8,CAGDP9,25,"311-316,322-326","   Nondurable goods manufacturing ","Thousands of chained 2012 dollars",56364,56545,61242,51499,(D),(D),(D),63251,(D),68308,95259,110108,93997,67651,56041,56365,50990,64202,64396,57220,69176
 "15001","Hawaii, HI",8,CAGDP9,34,"42","  Wholesale trade ","Thousands of chained 2012 dollars",(D),(D),(D),(D),(D),184610,(D),(D),(D),(D),(D),172028,174856,(D),(D),(D),(D),(D),(D),(D),(D)
 "15001","Hawaii, HI",8,CAGDP9,35,"44-45","  Retail trade ","Thousands of chained 2012 dollars",460106,484748,570776,(D),695738,(D),664866,617467,560165,565596,592870,595242,(D),602542,621131,652934,723249,784449,824346,748570,741144
 "15001","Hawaii, HI",8,CAGDP9,36,"48-49","  Transportation and warehousing ","Thousands of chained 2012 dollars",(D),(D),(D),(D),(D),(D),(D),(D),(D),(D),(D),(D),(D),(D),(D),(D),(D),(D),(D),(D),(D)
 "15001","Hawaii, HI",8,CAGDP9,45,"51","  Information ","Thousands of chained 2012 dollars",56019,(D),(D),63827,73716,83869,83900,76787,77587,179425,(D),(D),81245,77412,84753,125329,174454,209420,196580,159263,(D)
 "15001","Hawaii, HI",8,CAGDP9,50,"52, 53","  Finance, insurance, real estate, rental, and leasing ","Thousands of chained 2012 dollars",997349,959685,1049750,1153922,1391552,1402015,1577108,1701926,1427243,1607739,1448938,1509940,1583748,1637729,1750548,1750170,1797758,1716857,(D),1872859,1916625
 "15001","Hawaii, HI",8,CAGDP9,51,"52","   Finance and insurance ","Thousands of chained 2012 dollars",(D),(D),(D),(D),(D),(D),(D),(D),(D),96553,102756,104408,97237,112995,109690,113910,115147,122604,(D),143290,154995
 "15001","Hawaii, HI",8,CAGDP9,56,"53","   Real estate and rental and leasing ","Thousands of chained 2012 dollars",(D),(D),(D),(D),(D),(D),(D),(D),(D),1510858,1346219,1405533,1486673,1524269,1641233,1636180,1682807,1591858,1682092,1724851,1755077
 "15001","Hawaii, HI",8,CAGDP9,59,"54, 55, 56","  Professional and business services ","Thousands of chained 2012 dollars",283669,312612,337358,(D),408875,370471,410999,429822,363443,388987,406662,439814,464401,473588,478840,498621,546511,535435,530379,502572,556622
 "15001","Hawaii, HI",8,CAGDP9,60,"54","   Professional, scientific, and technical services ","Thousands of chained 2012 dollars",128919,144328,(D),(D),(D),(D),(D),(D),(D),(D),(D),(D),(D),(D),(D),(D),212088,211268,218588,210261,(D)
 "15001","Hawaii, HI",8,CAGDP9,64,"55","   Management of companies and enterprises ","Thousands of chained 2012 dollars",55064,62266,(D),(D),(D),(D),(D),(D),(D),(D),(D),(D),(D),(D),(D),(D),73635,(D),(D),(D),(D)
 "15001","Hawaii, HI",8,CAGDP9,65,"56","   Administrative and support and waste management and remediation services ","Thousands of chained 2012 dollars",101270,108558,(D),(D),(D),165322,162130,162339,154525,(D),(D),(D),(D),(D),(D),(D),260480,(D),(D),(D),(D)
 "15001","Hawaii, HI",8,CAGDP9,68,"61, 62","  Educational services, health care, and social assistance ","Thousands of chained 2012 dollars",347326,(D),(D),(D),(D),(D),440116,(D),(D),(D),(D),(D),508611,508417,521443,538325,(D),569350,589474,561863,598805
 "15001","Hawaii, HI",8,CAGDP9,69,"61","   Educational services ","Thousands of chained 2012 dollars",39596,(D),(D),(D),(D),(D),(D),(D),(D),(D),(D),(D),(D),(D),(D),(D),(D),(D),(D),(D),82515
 "15001","Hawaii, HI",8,CAGDP9,70,"62","   Health care and social assistance ","Thousands of chained 2012 dollars",306543,318791,323748,334134,352216,364927,(D),409415,411161,410261,407828,410843,(D),(D),(D),(D),463268,(D),(D),(D),517308
 "15001","Hawaii, HI",8,CAGDP9,75,"71, 72","  Arts, entertainment, recreation, accommodation, and food services ","Thousands of chained 2012 dollars",842072,(D),945737,1000537,999792,996222,930993,856480,764021,788135,829658,843626,853157,828097,858853,871250,920108,956016,(D),(D),867641
 "15001","Hawaii, HI",8,CAGDP9,76,"71","   Arts, entertainment, and recreation ","Thousands of chained 2012 dollars",86538,(D),(D),(D),(D),(D),(D),(D),(D),(D),(D),(D),(D),(D),(D),(D),(D),(D),119267,72957,(D)
 "15001","Hawaii, HI",8,CAGDP9,79,"72","   Accommodation and food services ","Thousands of chained 2012 dollars",756080,798811,(D),(D),(D),(D),(D),(D),(D),(D),(D),(D),(D),(D),(D),(D),(D),(D),(D),(D),(D)
 "15001","Hawaii, HI",8,CAGDP9,82,"81","  Other services (except government and government enterprises) ","Thousands of chained 2012 dollars",147588,156653,163033,187305,(D),(D),(D),(D),180843,176733,166864,167540,164233,167808,171012,174198,184287,188324,190903,171672,(D)
 "15001","Hawaii, HI",8,CAGDP9,83,"...","Government and government enterprises ","Thousands of chained 2012 dollars",868283,907547,950119,980897,1016942,1037284,1040464,1079605,1065873,1049953,1061095,1068790,1082049,1110518,1113694,1166282,1168140,1204806,1237215,1212730,1195826
 "15001","Hawaii, HI",8,CAGDP9,87,"11, 21","Natural resources and mining ","Thousands of chained 2012 dollars",(D),(D),(D),(D),236888,185013,85938,(D),205028,186602,222278,270963,243930,261154,367453,(D),(D),312149,(D),208858,116079
 "15001","Hawaii, HI",8,CAGDP9,88,"42, 44-45","Trade ","Thousands of chained 2012 dollars",(D),(D),(D),814003,(D),(D),(D),(D),(D),(D),(D),767271,(D),(D),(D),(D),(D),(D),(D),(D),(D)
 "15001","Hawaii, HI",8,CAGDP9,89,"22, 48-49","Transportation and utilities ","Thousands of chained 2012 dollars",(D),(D),(D),(D),(D),(D),(D),(D),(D),(D),(D),(D),(D),(D),(D),(D),(D),(D),(D),(D),(D)
 "15001","Hawaii, HI",8,CAGDP9,90,"31-33, 51","Manufacturing and information ","Thousands of chained 2012 dollars",(D),(D),(D),138554,(D),(D),(D),173777,(D),(D),216155,213309,(D),163121,159809,(D),245353,(D),(D),(D),(D)
 "15001","Hawaii, HI",8,CAGDP9,91,"...","Private goods-producing industries 2/","Thousands of chained 2012 dollars",720580,727088,753228,763730,1002008,1032101,937886,880154,878430,766832,726330,805350,710325,684494,805886,783356,889003,866019,781684,720650,651682
 "15001","Hawaii, HI",8,CAGDP9,92,"...","Private services-providing industries 3/","Thousands of chained 2012 dollars",3509697,3612597,3921672,4302475,4724123,4781158,4907975,4947376,4380502,4781242,4627488,4762455,4882815,4933762,5160284,5304889,5621408,5673334,5781333,5104137,5603216
 "15003","Honolulu, HI",8,CAGDP9,1,"...","All industry total ","Thousands of chained 2012 dollars",42312634,43209767,45240956,47591362,49948213,50784856,51815340,52658034,51770852,52901544,53973856,54584258,55329201,55680185,57193903,58095975,59174396,59317673,58463852,52576965,55363444
 "15003","Honolulu, HI",8,CAGDP9,2,"..."," Private industries ","Thousands of chained 2012 dollars",31386183,31889614,33582115,35489018,37554570,38138221,39082860,39544307,38606480,39576031,40296120,40812404,41863925,42053204,43560234,44252475,45437516,45973197,45305807,39504780,42070504
 "15003","Honolulu, HI",8,CAGDP9,3,"11","  Agriculture, forestry, fishing and hunting ","Thousands of chained 2012 dollars",327877,364251,330688,218983,171951,198040,210867,413352,449324,375878,243508,192566,132332,37007,123076,58898,158476,124993,46306,58183,49658
 "15003","Honolulu, HI",8,CAGDP9,6,"21","  Mining, quarrying, and oil and gas extraction ","Thousands of chained 2012 dollars",91801,76786,89457,83851,67170,85646,114301,103178,100252,76060,56342,56973,55617,56055,63139,77320,64662,79186,68713,75067,85221
 "15003","Honolulu, HI",8,CAGDP9,10,"22","  Utilities ","Thousands of chained 2012 dollars",760823,692935,773023,841724,816320,896469,919116,1050396,919340,1142410,1338911,1450622,1402336,1319141,1170907,1178847,1175561,1158510,1118503,1108223,1044114
 "15003","Honolulu, HI",8,CAGDP9,11,"23","  Construction ","Thousands of chained 2012 dollars",2167602,2300656,2641376,2952814,3162636,2985960,3118175,3185557,3010608,2777798,2744072,2667889,2655821,2641408,2935531,3095705,2957420,2828518,2852726,2749314,2675446
 "15003","Honolulu, HI",8,CAGDP9,12,"31-33","  Manufacturing ","Thousands of chained 2012 dollars",1327591,1441071,1519728,1475426,1338154,1285270,1307213,1555258,1554883,1345103,1217434,1191647,1349244,1522751,1525078,1593857,1583819,1529283,1322092,1201195,1278830
 "15003","Honolulu, HI",8,CAGDP9,13,"321,327-339","   Durable goods manufacturing ","Thousands of chained 2012 dollars",(D),(D),(D),212916,244736,253011,277673,305009,282987,280360,310012,279458,305450,281622,270687,298043,314640,315943,322874,275622,313835
 "15003","Honolulu, HI",8,CAGDP9,25,"311-316,322-326","   Nondurable goods manufacturing ","Thousands of chained 2012 dollars",(D),(D),(D),1319632,1117085,1047363,1037054,1268034,1299267,1073634,906752,912189,1044310,1248694,1263945,1300758,1266885,1208286,982141,917163,949535
 "15003","Honolulu, HI",8,CAGDP9,34,"42","  Wholesale trade ","Thousands of chained 2012 dollars",1803671,1874208,1994764,2009638,2045085,1987536,2053436,2093396,1852084,1891923,1912154,1922939,1990314,2040320,2138939,2119994,2173985,2114582,2111263,1991733,2092490
 "15003","Honolulu, HI",8,CAGDP9,35,"44-45","  Retail trade ","Thousands of chained 2012 dollars",2909501,2959427,3220492,3337170,3460289,3463018,3376680,3285133,3160330,3298242,3504314,3615378,3700991,3680710,3747090,3701905,3812594,3941800,3908493,3184031,3105423
 "15003","Honolulu, HI",8,CAGDP9,36,"48-49","  Transportation and warehousing ","Thousands of chained 2012 dollars",1603851,1516616,1643790,1957727,2318763,2521408,2584543,2351447,2363186,2685518,2599521,2712194,2815157,2768808,2789112,2961780,3206357,3166515,3357934,2098289,2302067
 "15003","Honolulu, HI",8,CAGDP9,45,"51","  Information ","Thousands of chained 2012 dollars",830140,905755,896311,1124595,1190607,1336103,1494889,1478461,1484309,1603558,1373411,1339802,1493695,1467278,1673942,1677010,1789981,2022417,1823312,1719113,2089651
 "15003","Honolulu, HI",8,CAGDP9,50,"52, 53","  Finance, insurance, real estate, rental, and leasing ","Thousands of chained 2012 dollars",7920122,7669694,7882100,8120883,9217161,9106538,9923186,10107064,10352230,10605373,10984721,10932269,11030466,11137898,11697602,11831579,12003213,11847467,11504932,10984512,11425165
 "15003","Honolulu, HI",8,CAGDP9,51,"52","   Finance and insurance ","Thousands of chained 2012 dollars",1735283,1861143,1818235,1947036,2014622,1971125,2018836,1899485,2088913,2003885,2215136,2157134,1902878,2108594,2254255,2225677,2308826,2357085,2409097,2440453,2710908
 "15003","Honolulu, HI",8,CAGDP9,56,"53","   Real estate and rental and leasing ","Thousands of chained 2012 dollars",6165704,5785948,6044180,6149004,7186767,7121162,7898100,8208720,8267961,8599449,8769982,8775136,9129609,9026056,9438424,9603156,9689079,9479319,9074616,8513232,8671491
 "15003","Honolulu, HI",8,CAGDP9,59,"54, 55, 56","  Professional and business services ","Thousands of chained 2012 dollars",3794847,4189959,4458773,4635849,4576170,4798741,4724312,4939296,4787889,5011298,5215072,5317057,5421502,5558387,5624505,5694683,5865909,6094199,5729214,5258372,5677037
 "15003","Honolulu, HI",8,CAGDP9,60,"54","   Professional, scientific, and technical services ","Thousands of chained 2012 dollars",1972090,2180611,2255751,2276223,2404192,2532308,2585933,2747741,2632263,2632314,2720663,2744823,2717138,2762145,2791969,2815729,2939640,3013171,3014072,2824908,3136220
 "15003","Honolulu, HI",8,CAGDP9,64,"55","   Management of companies and enterprises ","Thousands of chained 2012 dollars",661005,768110,790707,914511,764740,791573,665563,639732,673896,696661,736237,722544,800938,829538,842441,874483,914142,1027937,1095128,968507,1020849
 "15003","Honolulu, HI",8,CAGDP9,65,"56","   Administrative and support and waste management and remediation services ","Thousands of chained 2012 dollars",1168969,1261110,1420623,1471453,1416561,1483596,1475471,1553576,1484138,1682478,1758186,1849691,1903631,1966966,1990472,2006110,2017124,2066208,1662742,1500889,1559937
 "15003","Honolulu, HI",8,CAGDP9,68,"61, 62","  Educational services, health care, and social assistance ","Thousands of chained 2012 dollars",3430230,3452679,3645283,3810517,3919709,4012291,4010474,4283120,4422598,4422218,4522695,4564914,4648226,4738748,4904260,5018328,5102076,5167066,5296687,5219604,5374505
 "15003","Honolulu, HI",8,CAGDP9,69,"61","   Educational services ","Thousands of chained 2012 dollars",635028,614841,666738,686537,671714,669220,670967,719268,765310,770720,770293,774664,744506,720488,683960,691808,683279,685155,681445,598975,638389
 "15003","Honolulu, HI",8,CAGDP9,70,"62","   Health care and social assistance ","Thousands of chained 2012 dollars",2800785,2839951,2983076,3127546,3248499,3342321,3338874,3563303,3657534,3651918,3752424,3790250,3904164,4019840,4224648,4331386,4424951,4488628,4623760,4634895,4749014
 "15003","Honolulu, HI",8,CAGDP9,75,"71, 72","  Arts, entertainment, recreation, accommodation, and food services ","Thousands of chained 2012 dollars",3246849,3317572,3488814,3881372,4109017,4235638,3992945,3520890,3085685,3186395,3376157,3646721,3975968,3888454,3987599,4030637,4353894,4721910,4859581,2841116,3869250
 "15003","Honolulu, HI",8,CAGDP9,76,"71","   Arts, entertainment, and recreation ","Thousands of chained 2012 dollars",380536,385731,385602,384205,369930,355330,364917,409994,427857,364592,366294,406485,488024,490358,501980,462281,530043,572850,624824,347672,487465
 "15003","Honolulu, HI",8,CAGDP9,79,"72","   Accommodation and food services ","Thousands of chained 2012 dollars",2863145,2928685,3100697,3496828,3740559,3882848,3629516,3110679,2656861,2821636,3009926,3240236,3488222,3398587,3486103,3567680,3824137,4149275,4237011,2494336,3383150
 "15003","Honolulu, HI",8,CAGDP9,82,"81","  Other services (except government and government enterprises) ","Thousands of chained 2012 dollars",1455200,1483616,1411820,1339724,1338106,1373690,1338608,1301307,1188827,1189517,1207578,1201433,1197797,1217388,1216504,1219397,1222610,1255297,1257297,1049223,1114182
 "15003","Honolulu, HI",8,CAGDP9,83,"...","Government and government enterprises ","Thousands of chained 2012 dollars",10943905,11355984,11680465,12115034,12390802,12645730,12725472,13110735,13164712,13326054,13677385,13771854,13465656,13627076,13635620,13845490,13738037,13345981,13159499,13061043,13288889
 "15003","Honolulu, HI",8,CAGDP9,87,"11, 21","Natural resources and mining ","Thousands of chained 2012 dollars",428885,461182,431100,300711,237098,280638,320289,517810,549704,450262,299560,249539,187197,89817,185819,134281,220086,202511,116559,134581,136284
 "15003","Honolulu, HI",8,CAGDP9,88,"42, 44-45","Trade ","Thousands of chained 2012 dollars",4710428,4828263,5212434,5347468,5508074,5455823,5430523,5375160,5012314,5190176,5416513,5538317,5691354,5721341,5886554,5822460,5986984,6051970,6016208,5184897,5208298
 "15003","Honolulu, HI",8,CAGDP9,89,"22, 48-49","Transportation and utilities ","Thousands of chained 2012 dollars",2337501,2186661,2389360,2773818,3113618,3394682,3479905,3388434,3258104,3809739,3936785,4162816,4217072,4086364,3957590,4140611,4386888,4329999,4484654,3212129,3339991
 "15003","Honolulu, HI",8,CAGDP9,90,"31-33, 51","Manufacturing and information ","Thousands of chained 2012 dollars",2013141,2191508,2232436,2497806,2474862,2602891,2803307,2994194,3000679,2955646,2590900,2531449,2842733,2985936,3197451,3266988,3373659,3545297,3137723,2913193,3350678
 "15003","Honolulu, HI",8,CAGDP9,91,"...","Private goods-producing industries 2/","Thousands of chained 2012 dollars",3887814,4161569,4570989,4743282,4785706,4582344,4776711,5240528,5075059,4558818,4261595,4109075,4188362,4243268,4641237,4834628,4739067,4538215,4333033,4137249,4114931
 "15003","Honolulu, HI",8,CAGDP9,92,"...","Private services-providing industries 3/","Thousands of chained 2012 dollars",27506201,27787883,29118417,30841604,32836689,33599654,34355362,34371769,33594759,35031780,36036050,36703329,37675441,37809871,38917768,39418047,40696605,41439161,40981376,35364351,37965656
 "15007","Kauai, HI",8,CAGDP9,1,"...","All industry total ","Thousands of chained 2012 dollars",2393579,2436891,2595921,2708253,2854638,3012937,3123597,3070514,2798968,2887571,2910593,3072364,3259011,3274194,3341704,3431089,3456056,3675334,3724382,3142993,3378463
 "15007","Kauai, HI",8,CAGDP9,2,"..."," Private industries ","Thousands of chained 2012 dollars",2054602,2084762,2223518,2328536,2466102,2619426,2731820,2667391,2396724,2489807,2501365,2661294,2843883,2847681,2925569,2996082,3014678,3228192,3269341,2685628,2927258
 "15007","Kauai, HI",8,CAGDP9,3,"11","  Agriculture, forestry, fishing and hunting ","Thousands of chained 2012 dollars",(D),(D),(D),(D),(D),(D),17499,(D),(D),(D),(D),(D),81337,121542,61788,(D),(D),53336,(D),(D),78437
 "15007","Kauai, HI",8,CAGDP9,6,"21","  Mining, quarrying, and oil and gas extraction ","Thousands of chained 2012 dollars",10516,7561,6740,5695,4429,6252,6519,6407,7673,5842,4133,4722,5769,5463,5201,2508,2193,3499,(D),0,0
 "15007","Kauai, HI",8,CAGDP9,10,"22","  Utilities ","Thousands of chained 2012 dollars",45929,(D),(D),(D),(D),(D),69951,76501,(D),(D),(D),(D),89364,84633,76059,73434,82838,84693,83486,(D),73595
 "15007","Kauai, HI",8,CAGDP9,11,"23","  Construction ","Thousands of chained 2012 dollars",124666,(D),(D),(D),(D),(D),(D),(D),(D),(D),(D),(D),(D),159596,166501,182872,(D),(D),(D),(D),213732
 "15007","Kauai, HI",8,CAGDP9,12,"31-33","  Manufacturing ","Thousands of chained 2012 dollars",(D),20193,20753,18767,(D),(D),(D),24468,(D),(D),(D),(D),(D),25172,28461,(D),38793,(D),(D),(D),43472
 "15007","Kauai, HI",8,CAGDP9,13,"321,327-339","   Durable goods manufacturing ","Thousands of chained 2012 dollars",(D),(D),(D),5072,(D),(D),(D),7565,(D),(D),(D),(D),(D),6013,6590,(D),9320,(D),(D),(D),12537
 "15007","Kauai, HI",8,CAGDP9,25,"311-316,322-326","   Nondurable goods manufacturing ","Thousands of chained 2012 dollars",(D),(D),(D),13945,(D),(D),(D),16854,18766,13320,12831,12529,17258,19183,21909,26340,29461,32844,31566,24555,30424
 "15007","Kauai, HI",8,CAGDP9,34,"42","  Wholesale trade ","Thousands of chained 2012 dollars",(D),(D),(D),(D),(D),56709,(D),(D),(D),(D),(D),59493,53903,(D),(D),(D),(D),(D),(D),(D),(D)
 "15007","Kauai, HI",8,CAGDP9,35,"44-45","  Retail trade ","Thousands of chained 2012 dollars",214347,225978,254583,(D),287176,(D),289754,269373,241979,243563,249582,250525,(D),259899,271568,283869,312235,338015,357277,316139,312859
 "15007","Kauai, HI",8,CAGDP9,36,"48-49","  Transportation and warehousing ","Thousands of chained 2012 dollars",(D),(D),(D),(D),(D),(D),(D),(D),(D),(D),(D),(D),(D),(D),(D),(D),(D),(D),(D),(D),(D)
 "15007","Kauai, HI",8,CAGDP9,45,"51","  Information ","Thousands of chained 2012 dollars",33704,(D),(D),26468,36760,40895,44442,38377,37804,37633,(D),(D),39902,35669,41991,48332,56761,63254,67012,56325,(D)
 "15007","Kauai, HI",8,CAGDP9,50,"52, 53","  Finance, insurance, real estate, rental, and leasing ","Thousands of chained 2012 dollars",525833,491307,525769,523931,594303,631648,692803,701895,685401,753991,738021,806155,864038,825833,870121,826923,798757,873756,(D),750203,789303
 "15007","Kauai, HI",8,CAGDP9,51,"52","   Finance and insurance ","Thousands of chained 2012 dollars",(D),(D),(D),(D),(D),(D),(D),(D),(D),78117,108782,154487,123373,132332,112971,68689,58718,62039,(D),65941,78501
 "15007","Kauai, HI",8,CAGDP9,56,"53","   Real estate and rental and leasing ","Thousands of chained 2012 dollars",(D),(D),(D),(D),(D),(D),(D),(D),(D),675416,629121,651669,740791,693395,757596,759559,741661,813691,724938,684545,710320
 "15007","Kauai, HI",8,CAGDP9,59,"54, 55, 56","  Professional and business services ","Thousands of chained 2012 dollars",154833,177098,203552,(D),196051,210532,232906,232409,214354,219731,229030,256908,268513,281799,290222,282821,299357,271388,277803,(D),292665
 "15007","Kauai, HI",8,CAGDP9,60,"54","   Professional, scientific, and technical services ","Thousands of chained 2012 dollars",43534,52499,(D),(D),(D),(D),(D),(D),(D),(D),(D),(D),(D),(D),(D),(D),92898,97510,104496,101099,(D)
 "15007","Kauai, HI",8,CAGDP9,64,"55","   Management of companies and enterprises ","Thousands of chained 2012 dollars",38921,53363,(D),(D),(D),(D),(D),(D),(D),(D),(D),(D),(D),(D),(D),(D),59826,(D),(D),(D),(D)
 "15007","Kauai, HI",8,CAGDP9,65,"56","   Administrative and support and waste management and remediation services ","Thousands of chained 2012 dollars",78462,81204,(D),(D),(D),132476,139996,131415,117939,(D),(D),(D),(D),(D),(D),(D),146835,(D),(D),(D),(D)
 "15007","Kauai, HI",8,CAGDP9,68,"61, 62","  Educational services, health care, and social assistance ","Thousands of chained 2012 dollars",146002,148215,155469,162945,167954,167465,167214,(D),179327,177780,176813,177616,180062,183157,194868,204632,(D),222047,234485,227873,223841
 "15007","Kauai, HI",8,CAGDP9,69,"61","   Educational services ","Thousands of chained 2012 dollars",13155,(D),(D),(D),(D),(D),(D),(D),(D),(D),(D),(D),(D),(D),(D),(D),(D),(D),(D),(D),14690
 "15007","Kauai, HI",8,CAGDP9,70,"62","   Health care and social assistance ","Thousands of chained 2012 dollars",132779,(D),(D),(D),(D),(D),(D),157688,(D),(D),(D),(D),(D),(D),(D),(D),199595,(D),(D),(D),208964
 "15007","Kauai, HI",8,CAGDP9,75,"71, 72","  Arts, entertainment, recreation, accommodation, and food services ","Thousands of chained 2012 dollars",596388,(D),628239,696061,681917,691192,680706,607848,489637,488317,538466,577777,626835,624720,639438,622746,650416,710342,(D),(D),577499
 "15007","Kauai, HI",8,CAGDP9,76,"71","   Arts, entertainment, and recreation ","Thousands of chained 2012 dollars",53262,(D),(D),(D),(D),(D),(D),(D),(D),(D),(D),(D),(D),(D),(D),(D),(D),(D),88580,49252,(D)
 "15007","Kauai, HI",8,CAGDP9,79,"72","   Accommodation and food services ","Thousands of chained 2012 dollars",542882,531034,(D),(D),(D),(D),(D),(D),(D),(D),(D),(D),(D),(D),(D),(D),(D),(D),(D),(D),(D)
 "15007","Kauai, HI",8,CAGDP9,82,"81","  Other services (except government and government enterprises) ","Thousands of chained 2012 dollars",67205,67749,67021,78775,(D),(D),(D),(D),83720,80826,76873,73272,72141,76120,77588,78218,82359,87243,87933,72755,(D)
 "15007","Kauai, HI",8,CAGDP9,83,"...","Government and government enterprises ","Thousands of chained 2012 dollars",339714,353705,373822,380533,388655,392691,390116,402215,402388,397743,409176,411071,415270,426488,416634,435322,441624,447988,455844,455081,450615
 "15007","Kauai, HI",8,CAGDP9,87,"11, 21","Natural resources and mining ","Thousands of chained 2012 dollars",(D),(D),(D),(D),(D),(D),24120,(D),(D),(D),(D),(D),87362,127658,67250,(D),(D),57277,(D),(D),77560
 "15007","Kauai, HI",8,CAGDP9,88,"42, 44-45","Trade ","Thousands of chained 2012 dollars",(D),(D),(D),326119,(D),(D),(D),(D),(D),(D),(D),310019,(D),(D),(D),(D),(D),(D),(D),(D),(D)
 "15007","Kauai, HI",8,CAGDP9,89,"22, 48-49","Transportation and utilities ","Thousands of chained 2012 dollars",(D),(D),(D),(D),(D),(D),(D),(D),(D),(D),(D),(D),(D),(D),(D),(D),(D),(D),(D),(D),(D)
 "15007","Kauai, HI",8,CAGDP9,90,"31-33, 51","Manufacturing and information ","Thousands of chained 2012 dollars",(D),(D),(D),44677,(D),(D),(D),62545,(D),(D),55868,55047,(D),60960,70540,(D),95674,(D),(D),(D),(D)
 "15007","Kauai, HI",8,CAGDP9,91,"...","Private goods-producing industries 2/","Thousands of chained 2012 dollars",166596,(D),(D),(D),(D),(D),303387,318539,(D),(D),(D),(D),274809,309774,269810,362168,290020,319548,370904,(D),349474
 "15007","Kauai, HI",8,CAGDP9,92,"...","Private services-providing industries 3/","Thousands of chained 2012 dollars",1887409,(D),(D),(D),(D),(D),2429200,2349337,(D),(D),(D),(D),2568782,2537404,2653577,2636850,2722393,2906719,2898894,(D),2579777
 "15901","Maui + Kalawao, HI*",8,CAGDP9,1,"...","All industry total ","Thousands of chained 2012 dollars",5878213,6100388,6514571,6960658,7583071,8120956,8258742,7827998,7045222,7242277,7346348,7612076,7800068,7829304,8255858,8518874,8642183,9102935,9209126,7347821,8340310
 "15901","Maui + Kalawao, HI*",8,CAGDP9,2,"..."," Private industries ","Thousands of chained 2012 dollars",5230010,5414226,5778446,6205899,6803476,7319067,7454493,6996104,6214337,6401433,6483391,6756787,6946231,6949871,7384330,7603560,7740279,8341592,8433698,6584823,7595135
 "15901","Maui + Kalawao, HI*",8,CAGDP9,3,"11","  Agriculture, forestry, fishing and hunting ","Thousands of chained 2012 dollars",37521,(D),(D),(D),(D),(D),213330,21592,(D),(D),(D),(D),48377,75554,37210,175452,48148,61812,(D),(D),88304
 "15901","Maui + Kalawao, HI*",8,CAGDP9,6,"21","  Mining, quarrying, and oil and gas extraction ","Thousands of chained 2012 dollars",10217,9112,8168,6825,5203,7748,11309,9138,7802,5447,3734,3990,981,1007,892,1218,1061,1316,(D),4842,5375
 "15901","Maui + Kalawao, HI*",8,CAGDP9,10,"22","  Utilities ","Thousands of chained 2012 dollars",139988,(D),(D),(D),(D),(D),175099,197812,(D),(D),(D),(D),253527,235567,212912,210536,201555,201578,194075,(D),182634
 "15901","Maui + Kalawao, HI*",8,CAGDP9,11,"23","  Construction ","Thousands of chained 2012 dollars",502139,464880,439357,421401,647344,743889,860275,682471,488475,379839,357036,430759,373114,394298,449422,504095,482708,460640,480702,441321,439618
 "15901","Maui + Kalawao, HI*",8,CAGDP9,12,"31-33","  Manufacturing ","Thousands of chained 2012 dollars",91576,99459,105657,81132,104376,125320,112605,102644,96087,87212,91848,92512,110168,98815,105350,117123,90324,117934,107154,107461,119771
 "15901","Maui + Kalawao, HI*",8,CAGDP9,13,"321,327-339","   Durable goods manufacturing ","Thousands of chained 2012 dollars",19119,18557,16953,15333,25142,29504,34812,26372,(D),21942,20662,21939,26649,27918,30592,35010,42142,41558,39651,38237,41316
 "15901","Maui + Kalawao, HI*",8,CAGDP9,25,"311-316,322-326","   Nondurable goods manufacturing ","Thousands of chained 2012 dollars",73846,82927,91418,67389,80021,96952,76149,76067,(D),65182,71203,70573,83513,70826,74666,81979,47284,76338,67270,69153,78531
 "15901","Maui + Kalawao, HI*",8,CAGDP9,34,"42","  Wholesale trade ","Thousands of chained 2012 dollars",129073,134763,150908,159523,167586,170346,179138,180850,155036,167887,175111,183161,188517,201319,211751,205978,212991,208443,210920,185625,195262
 "15901","Maui + Kalawao, HI*",8,CAGDP9,35,"44-45","  Retail trade ","Thousands of chained 2012 dollars",518511,532988,598795,654934,722834,739365,732171,684130,626192,633507,639561,644275,647562,651169,682058,704561,762688,818798,863123,741264,748418
 "15901","Maui + Kalawao, HI*",8,CAGDP9,36,"48-49","  Transportation and warehousing ","Thousands of chained 2012 dollars",200368,215009,246034,299578,350299,399154,348111,321112,316820,362647,374802,362379,381772,376278,457834,492266,509090,536083,616750,259074,393022
 "15901","Maui + Kalawao, HI*",8,CAGDP9,45,"51","  Information ","Thousands of chained 2012 dollars",83989,90008,96798,119706,134700,148160,150234,126037,116647,106830,91900,84266,88593,92414,106940,121224,139039,150915,152351,121021,158633
 "15901","Maui + Kalawao, HI*",8,CAGDP9,50,"52, 53","  Finance, insurance, real estate, rental, and leasing ","Thousands of chained 2012 dollars",1159342,1086167,1185719,1276225,1442672,1561183,1678669,1643733,1531552,1638566,1534866,1700479,1879759,1860384,2002210,1999224,1965336,2137870,1952559,1830148,1966488
 "15901","Maui + Kalawao, HI*",8,CAGDP9,51,"52","   Finance and insurance ","Thousands of chained 2012 dollars",95544,111236,105186,106393,107346,104890,108286,93544,109058,93613,104910,103993,94950,108760,117695,111322,106660,110936,115305,121450,148625
 "15901","Maui + Kalawao, HI*",8,CAGDP9,56,"53","   Real estate and rental and leasing ","Thousands of chained 2012 dollars",1060394,970706,1077056,1166756,1333131,1455214,1569831,1550999,1423703,1544645,1430101,1596486,1785106,1751110,1883910,1887966,1859145,2028488,1835307,1703833,1808899
 "15901","Maui + Kalawao, HI*",8,CAGDP9,59,"54, 55, 56","  Professional and business services ","Thousands of chained 2012 dollars",350262,375886,411130,456347,469377,474276,533326,538761,456781,450566,474164,502198,527331,544954,544413,549873,587334,615155,616903,(D),588752
 "15901","Maui + Kalawao, HI*",8,CAGDP9,60,"54","   Professional, scientific, and technical services ","Thousands of chained 2012 dollars",131642,145768,152778,176797,177896,180079,178782,191486,176274,170076,177686,183291,189272,197168,200265,206967,207896,215754,211863,203974,225167
 "15901","Maui + Kalawao, HI*",8,CAGDP9,64,"55","   Management of companies and enterprises ","Thousands of chained 2012 dollars",70135,73571,80689,108065,92095,64897,91694,90652,30553,24467,22713,60321,66236,64630,58116,60495,65512,77160,92457,(D),84542
 "15901","Maui + Kalawao, HI*",8,CAGDP9,65,"56","   Administrative and support and waste management and remediation services ","Thousands of chained 2012 dollars",150897,159194,179872,179020,203549,229736,263792,257802,250148,256065,273797,258587,271836,283066,285640,282300,313316,322583,315048,241412,281738
 "15901","Maui + Kalawao, HI*",8,CAGDP9,68,"61, 62","  Educational services, health care, and social assistance ","Thousands of chained 2012 dollars",297090,(D),(D),(D),(D),(D),369774,395493,(D),(D),(D),(D),410132,407805,436119,459054,541872,644899,693470,679901,702094
 "15901","Maui + Kalawao, HI*",8,CAGDP9,69,"61","   Educational services ","Thousands of chained 2012 dollars",33594,36583,41219,50560,52863,58232,60313,63679,64439,64248,63119,64284,63548,63732,62866,70162,68413,70938,75151,66129,76994
 "15901","Maui + Kalawao, HI*",8,CAGDP9,70,"62","   Health care and social assistance ","Thousands of chained 2012 dollars",261860,(D),(D),(D),(D),(D),309535,331852,(D),(D),(D),(D),346604,344076,373530,388919,474630,576329,620979,617180,627684
 "15901","Maui + Kalawao, HI*",8,CAGDP9,75,"71, 72","  Arts, entertainment, recreation, accommodation, and food services ","Thousands of chained 2012 dollars",1539391,1627063,1733478,1847013,1781893,1863470,1845486,1835435,1583359,1678201,1785832,1847980,1830969,1801682,1913817,1877587,1971874,2157047,2215240,1255775,1840832
 "15901","Maui + Kalawao, HI*",8,CAGDP9,76,"71","   Arts, entertainment, and recreation ","Thousands of chained 2012 dollars",181864,185425,183521,173228,165085,173279,186097,198976,185638,186499,163689,161621,177369,188917,177588,174202,188792,193828,185159,101158,136788
 "15901","Maui + Kalawao, HI*",8,CAGDP9,79,"72","   Accommodation and food services ","Thousands of chained 2012 dollars",1355899,1439916,1548378,1672878,1615987,1689324,1658520,1635740,1397132,1491192,1622095,1686359,1653701,1613111,1736097,1703255,1783115,1962712,2028817,1153881,1703417
 "15901","Maui + Kalawao, HI*",8,CAGDP9,82,"81","  Other services (except government and government enterprises) ","Thousands of chained 2012 dollars",182641,186414,195225,235235,256319,269752,248529,234102,216329,213600,207322,206168,206064,211258,215558,219246,225452,237595,241109,200268,222633
 "15901","Maui + Kalawao, HI*",8,CAGDP9,83,"...","Government and government enterprises ","Thousands of chained 2012 dollars",648181,687580,737929,754495,776893,797391,799176,829644,830908,840792,862833,855290,853997,879222,872455,916027,902905,765134,779181,761622,748439
 "15901","Maui + Kalawao, HI*",8,CAGDP9,87,"11, 21","Natural resources and mining ","Thousands of chained 2012 dollars",46593,(D),(D),(D),(D),(D),238750,32173,(D),(D),(D),(D),49586,76964,38293,177334,49518,63512,122111,(D),95129
 "15901","Maui + Kalawao, HI*",8,CAGDP9,88,"42, 44-45","Trade ","Thousands of chained 2012 dollars",647637,667635,749613,814796,891351,910723,911768,864736,781262,801389,814664,827436,836091,852560,893888,910526,975443,1026086,1072206,925555,942405
 "15901","Maui + Kalawao, HI*",8,CAGDP9,89,"22, 48-49","Transportation and utilities ","Thousands of chained 2012 dollars",335565,(D),(D),(D),(D),(D),519326,517701,(D),(D),(D),(D),635258,611587,670127,702834,711428,738755,812945,(D),572455
 "15901","Maui + Kalawao, HI*",8,CAGDP9,90,"31-33, 51","Manufacturing and information ","Thousands of chained 2012 dollars",171958,185373,198268,204047,240681,273888,265002,229619,213537,194800,183882,176778,198818,191000,211582,237346,223603,264866,254000,227401,273453
 "15901","Maui + Kalawao, HI*",8,CAGDP9,91,"...","Private goods-producing industries 2/","Thousands of chained 2012 dollars",650327,(D),(D),(D),(D),(D),1211806,846928,(D),(D),(D),(D),532641,568435,601349,762577,633219,645304,690667,(D),641611
 "15901","Maui + Kalawao, HI*",8,CAGDP9,92,"...","Private services-providing industries 3/","Thousands of chained 2012 dollars",4575224,(D),(D),(D),(D),(D),6261177,6158244,(D),(D),(D),(D),6413839,6380978,6782557,6836052,7106767,7697536,7742418,(D),6954020
"Note: See the included footnote file."
"CAGDP9: Real GDP by county and metropolitan area 1/"
"Last updated: December 8, 2022 -- new statistics for 2021, revised statistics for 2017-2020."
"U.S. Bureau of Economic Analysis"
